precision,recall
0.5,1.0
0.5000333355557037,1.0
0.5000666755567409,1.0
0.5001000200040008,1.0
0.5001333688983729,1.0
0.5001667222407469,1.0
0.5002000800320128,1.0
0.5002334422730608,1.0
0.5002668089647813,1.0
0.5003001801080649,1.0
0.5003335557038026,1.0
0.5003669357528855,1.0
0.500400320256205,1.0
0.5004337092146527,1.0
0.5004671026291205,1.0
0.5005005005005005,1.0
0.500533902829685,1.0
0.5005673096175666,1.0
0.5005339741022561,0.9998666666666667
0.5005673853547827,0.9998666666666667
0.5006008010680908,0.9998666666666667
0.5006342212430737,0.9998666666666667
0.500667645880625,0.9998666666666667
0.5007010749816385,0.9998666666666667
0.5007345085470085,0.9998666666666667
0.5007679465776294,0.9998666666666667
0.5008013890743956,0.9998666666666667
0.5008348360382021,0.9998666666666667
0.5008682874699439,0.9998666666666667
0.5009017433705163,0.9998666666666667
0.500935203740815,0.9998666666666667
0.5009686685817356,0.9998666666666667
0.5010021378941742,0.9998666666666667
0.5010356116790272,0.9998666666666667
0.501069089937191,0.9998666666666667
0.5011025726695623,0.9998666666666667
0.5011360598770382,0.9998666666666667
0.5011695515605159,0.9998666666666667
0.501203047720893,0.9998666666666667
0.501236548359067,0.9998666666666667
0.5012700534759358,0.9998666666666667
0.5013035630723979,0.9998666666666667
0.5013370771493515,0.9998666666666667
0.5013705957076954,0.9998666666666667
0.5014041187483285,0.9998666666666667
0.5014376462721498,0.9998666666666667
0.5014711782800588,0.9998666666666667
0.5015047147729552,0.9998666666666667
0.5015382557517389,0.9998666666666667
0.5015718012173099,0.9998666666666667
0.5016053511705686,0.9998666666666667
0.5016389056124155,0.9998666666666667
0.5016724645437517,0.9998666666666667
0.501706027965478,0.9998666666666667
0.5017395958784959,0.9998666666666667
0.5017731682837069,0.9998666666666667
0.5018067451820128,0.9998666666666667
0.5018403265743158,0.9998666666666667
0.5018739124615179,0.9998666666666667
0.5019075028445218,0.9998666666666667
0.5019410977242302,0.9998666666666667
0.5020083009773731,0.9998666666666667
0.5020419093526143,0.9998666666666667
0.5020755222281735,0.9998666666666667
0.5021091396049548,0.9998666666666667
0.5021427614838623,0.9998666666666667
0.5021763878658005,0.9998666666666667
0.5022100187516743,0.9998666666666667
0.5022436541423884,0.9998666666666667
0.5022772940388479,0.9998666666666667
0.5023109384419586,0.9998666666666667
0.502344587352626,0.9998666666666667
0.5023782407717559,0.9998666666666667
0.5024118987002546,0.9998666666666667
0.5024455611390285,0.9998666666666667
0.5024792280889842,0.9998666666666667
0.5025128995510286,0.9998666666666667
0.5025465755260689,0.9998666666666667
0.5026139410187668,0.9998666666666667
0.5026476305382398,0.9998666666666667
0.5026813245743397,0.9998666666666667
0.5027150231279748,0.9998666666666667
0.5027487262000536,0.9998666666666667
0.5027824337914851,0.9998666666666667
0.5028161459031782,0.9998666666666667
0.5028498625360424,0.9998666666666667
0.5028835836909872,0.9998666666666667
0.5029173093689223,0.9998666666666667
0.5029510395707579,0.9998666666666667
0.5029847742974043,0.9998666666666667
0.5029514354708882,0.9997333333333334
0.5029851747501174,0.9997333333333334
0.5030189185562861,0.9997333333333334
0.5030526668903053,0.9997333333333334
0.5030864197530864,0.9997333333333334
0.5031201771455411,0.9997333333333334
0.5031539390685814,0.9997333333333334
0.5031877055231192,0.9997333333333334
0.5032214765100671,0.9997333333333334
0.5032552520303376,0.9997333333333334
0.5032890320848437,0.9997333333333334
0.5033228166744982,0.9997333333333334
0.5033566058002148,0.9997333333333334
0.503390399462907,0.9997333333333334
0.5034241976634887,0.9997333333333334
0.5034580004028738,0.9997333333333334
0.5034918076819769,0.9997333333333334
0.5035256195017125,0.9997333333333334
0.5035594358629953,0.9997333333333334
0.5035932567667405,0.9997333333333334
0.5036270822138635,0.9997333333333334
0.5036609122052798,0.9997333333333334
0.5036947467419052,0.9997333333333334
0.5037285858246557,0.9997333333333334
0.5037624294544477,0.9997333333333334
0.5037962776321978,0.9997333333333334
0.5038301303588227,0.9997333333333334
0.5038639876352395,0.9997333333333334
0.5038978494623656,0.9997333333333334
0.5039317158411184,0.9997333333333334
0.5039655867724157,0.9997333333333334
0.5039994622571755,0.9997333333333334
0.5040333422963162,0.9997333333333334
0.5040672268907563,0.9997333333333334
0.5041011160414145,0.9997333333333334
0.50413500974921,0.9997333333333334
0.5041689080150619,0.9997333333333334
0.5042028108398897,0.9997333333333334
0.5042367182246134,0.9997333333333334
0.5042706301701526,0.9997333333333334
0.5043045466774281,0.9997333333333334
0.5043384677473599,0.9997333333333334
0.5043723933808691,0.9997333333333334
0.5044063235788766,0.9997333333333334
0.5044402583423035,0.9997333333333334
0.5044741976720716,0.9997333333333334
0.5045081415691024,0.9997333333333334
0.504542090034318,0.9997333333333334
0.5045760430686407,0.9997333333333334
0.5046100006729928,0.9997333333333334
0.5046439628482973,0.9997333333333334
0.5046779295954769,0.9997333333333334
0.504711900915455,0.9997333333333334
0.5047458768091552,0.9997333333333334
0.504779857277501,0.9997333333333334
0.5048138423214166,0.9997333333333334
0.504847831941826,0.9997333333333334
0.5048818261396539,0.9997333333333334
0.5049158249158249,0.9997333333333334
0.5049498282712641,0.9997333333333334
0.5049838362068966,0.9997333333333334
0.5050178487236479,0.9997333333333334
0.5050518658224438,0.9997333333333334
0.5050858875042101,0.9997333333333334
0.5051199137698733,0.9997333333333334
0.5051539446203598,0.9997333333333334
0.5051879800565962,0.9997333333333334
0.5052220200795094,0.9997333333333334
0.5052560646900269,0.9997333333333334
0.5052901138890761,0.9997333333333334
0.5053241676775846,0.9997333333333334
0.5053582260564804,0.9997333333333334
0.5053922890266919,0.9997333333333334
0.5054263565891473,0.9997333333333334
0.5054604287447755,0.9997333333333334
0.5054945054945055,0.9997333333333334
0.5055285868392665,0.9997333333333334
0.5055626727799879,0.9997333333333334
0.5055967633175995,0.9997333333333334
0.5056308584530312,0.9997333333333334
0.5056649581872134,0.9997333333333334
0.5056990625210764,0.9997333333333334
0.5057331714555511,0.9997333333333334
0.5057672849915683,0.9997333333333334
0.5058014031300594,0.9997333333333334
0.5058355258719558,0.9997333333333334
0.5058696532181892,0.9997333333333334
0.5059037851696917,0.9997333333333334
0.5059379217273954,0.9997333333333334
0.505972062892233,0.9997333333333334
0.506006208665137,0.9997333333333334
0.5060403590470406,0.9997333333333334
0.5060745140388769,0.9997333333333334
0.5061086736415795,0.9997333333333334
0.506142837856082,0.9997333333333334
0.5061770066833187,0.9997333333333334
0.5062111801242236,0.9997333333333334
0.5062453581797313,0.9997333333333334
0.5062795408507765,0.9997333333333334
0.5063137281382942,0.9997333333333334
0.5063479200432199,0.9997333333333334
0.5063821165664888,0.9997333333333334
0.5064163177090368,0.9997333333333334
0.5064505234718001,0.9997333333333334
0.5064847338557147,0.9997333333333334
0.5065189488617172,0.9997333333333334
0.5065531684907445,0.9997333333333334
0.5065873927437335,0.9997333333333334
0.5066216216216216,0.9997333333333334
0.5066558551253463,0.9997333333333334
0.5066900932558454,0.9997333333333334
0.5067243360140569,0.9997333333333334
0.5067585834009192,0.9997333333333334
0.5067928354173707,0.9997333333333334
0.5068270920643504,0.9997333333333334
0.5068613533427972,0.9997333333333334
0.5068956192536507,0.9997333333333334
0.50692988979785,0.9997333333333334
0.5069641649763353,0.9997333333333334
0.5069984447900466,0.9997333333333334
0.5070327292399243,0.9997333333333334
0.5070670183269088,0.9997333333333334
0.507101312051941,0.9997333333333334
0.5071356104159621,0.9997333333333334
0.5071699134199135,0.9997333333333334
0.5072042210647365,0.9997333333333334
0.5072385333513733,0.9997333333333334
0.5072728502807659,0.9997333333333334
0.5073071718538565,0.9997333333333334
0.507341498071588,0.9997333333333334
0.5073758289349032,0.9997333333333334
0.5074101644447452,0.9997333333333334
0.5074445046020574,0.9997333333333334
0.5074788494077834,0.9997333333333334
0.5075131988628672,0.9997333333333334
0.5075475529682529,0.9997333333333334
0.5075819117248849,0.9997333333333334
0.507616275133708,0.9997333333333334
0.5076506431956669,0.9997333333333334
0.507685015911707,0.9997333333333334
0.5077193932827736,0.9997333333333334
0.5077537753098125,0.9997333333333334
0.5077881619937694,0.9997333333333334
0.5078225533355909,0.9997333333333334
0.5078569493362233,0.9997333333333334
0.5078913499966131,0.9997333333333334
0.5079257553177077,0.9997333333333334
0.5079601653004538,0.9997333333333334
0.5079945799457994,0.9997333333333334
0.508028999254692,0.9997333333333334
0.5080634232280797,0.9997333333333334
0.5080978518669106,0.9997333333333334
0.5081322851721334,0.9997333333333334
0.5081667231446967,0.9997333333333334
0.5082011657855496,0.9997333333333334
0.5082356130956416,0.9997333333333334
0.5082700650759219,0.9997333333333334
0.5083045217273405,0.9997333333333334
0.5083389830508475,0.9997333333333334
0.508373449047393,0.9997333333333334
0.5084079197179279,0.9997333333333334
0.5084423950634027,0.9997333333333334
0.5084768750847688,0.9997333333333334
0.5085113597829772,0.9997333333333334
0.5085458491589799,0.9997333333333334
0.5085803432137286,0.9997333333333334
0.5086148419481753,0.9997333333333334
0.5086493453632726,0.9997333333333334
0.5086838534599729,0.9997333333333334
0.5087183662392293,0.9997333333333334
0.5087528837019949,0.9997333333333334
0.508787405849223,0.9997333333333334
0.5088219326818675,0.9997333333333334
0.5088564642008823,0.9997333333333334
0.5088910004072213,0.9997333333333334
0.5089255413018394,0.9997333333333334
0.508960086885691,0.9997333333333334
0.5089946371597311,0.9997333333333334
0.5090291921249152,0.9997333333333334
0.5090637517821984,0.9997333333333334
0.5090983161325366,0.9997333333333334
0.509132885176886,0.9997333333333334
0.5091674589162026,0.9997333333333334
0.5092020373514431,0.9997333333333334
0.5092366204835642,0.9997333333333334
0.509271208313523,0.9997333333333334
0.5093058008422768,0.9997333333333334
0.5093403980707832,0.9997333333333334
0.509375,0.9997333333333334
0.5094096066308853,0.9997333333333334
0.5094442179643973,0.9997333333333334
0.5094788340014949,0.9997333333333334
0.5095134547431367,0.9997333333333334
0.509548080190282,0.9997333333333334
0.5095827103438901,0.9997333333333334
0.5096173452049209,0.9997333333333334
0.5096519847743338,0.9997333333333334
0.5096866290530895,0.9997333333333334
0.5097212780421482,0.9997333333333334
0.5097559317424706,0.9997333333333334
0.5097905901550177,0.9997333333333334
0.5098252532807507,0.9997333333333334
0.509859921120631,0.9997333333333334
0.5098945936756205,0.9997333333333334
0.5099292709466812,0.9997333333333334
0.5099639529347753,0.9997333333333334
0.5099986396408652,0.9997333333333334
0.5100333310659139,0.9997333333333334
0.5100680272108844,0.9997333333333334
0.51010272807674,0.9997333333333334
0.5101374336644442,0.9997333333333334
0.5101721439749609,0.9997333333333334
0.5102068590092542,0.9997333333333334
0.5102415787682886,0.9997333333333334
0.5102763032530284,0.9997333333333334
0.5103110324644389,0.9997333333333334
0.5103457664034848,0.9997333333333334
0.510380505071132,0.9997333333333334
0.5104152484683459,0.9997333333333334
0.5104499965960924,0.9997333333333334
0.5104847494553377,0.9997333333333334
0.5105195070470484,0.9997333333333334
0.5105542693721912,0.9997333333333334
0.510589036431733,0.9997333333333334
0.5106238082266412,0.9997333333333334
0.5106585847578833,0.9997333333333334
0.5106933660264269,0.9997333333333334
0.5107281520332403,0.9997333333333334
0.5107629427792916,0.9997333333333334
0.5107977382655494,0.9997333333333334
0.5108325384929827,0.9997333333333334
0.5108673434625605,0.9997333333333334
0.5109021531752521,0.9997333333333334
0.5109369676320272,0.9997333333333334
0.5109717868338558,0.9997333333333334
0.511006610781708,0.9997333333333334
0.511041439476554,0.9997333333333334
0.5110762729193647,0.9997333333333334
0.5111111111111111,0.9997333333333334
0.5111459540527643,0.9997333333333334
0.5111808017452959,0.9997333333333334
0.5112156541896775,0.9997333333333334
0.5112505113868813,0.9997333333333334
0.5112853733378793,0.9997333333333334
0.5113202400436443,0.9997333333333334
0.511355111505149,0.9997333333333334
0.5113899877233665,0.9997333333333334
0.5114248686992702,0.9997333333333334
0.5114597544338335,0.9997333333333334
0.5114946449280305,0.9997333333333334
0.5115295401828354,0.9997333333333334
0.5115644401992222,0.9997333333333334
0.511599344978166,0.9997333333333334
0.5116342545206414,0.9997333333333334
0.5116691688276238,0.9997333333333334
0.5117040879000887,0.9997333333333334
0.5117390117390117,0.9997333333333334
0.5117739403453689,0.9997333333333334
0.5118088737201365,0.9997333333333334
0.5118438118642911,0.9997333333333334
0.5118787547788094,0.9997333333333334
0.5119137024646685,0.9997333333333334
0.5119486549228458,0.9997333333333334
0.5119836121543189,0.9997333333333334
0.5120185741600656,0.9997333333333334
0.512053540941064,0.9997333333333334
0.5120885124982926,0.9997333333333334
0.51212348883273,0.9997333333333334
0.5121584699453552,0.9997333333333334
0.5121934558371474,0.9997333333333334
0.5122284465090859,0.9997333333333334
0.5122634419621507,0.9997333333333334
0.5122984421973217,0.9997333333333334
0.512333447215579,0.9997333333333334
0.5123684570179036,0.9997333333333334
0.5124034716052758,0.9997333333333334
0.5124384909786769,0.9997333333333334
0.5124735151390882,0.9997333333333334
0.5125085440874915,0.9997333333333334
0.5125435778248684,0.9997333333333334
0.5125786163522013,0.9997333333333334
0.5126136596704725,0.9997333333333334
0.5126487077806646,0.9997333333333334
0.5126837606837606,0.9997333333333334
0.512753880872598,0.9997333333333334
0.5127889481603064,0.9997333333333334
0.5128240202448533,0.9997333333333334
0.512859097127223,0.9997333333333334
0.5128941788084,0.9997333333333334
0.5129292652893692,0.9997333333333334
0.5129643565711158,0.9997333333333334
0.5129994526546251,0.9997333333333334
0.5130345535408827,0.9997333333333334
0.5130696592308746,0.9997333333333334
0.5131047697255868,0.9997333333333334
0.513139885026006,0.9997333333333334
0.5131750051331189,0.9997333333333334
0.5132101300479124,0.9997333333333334
0.5132452597713738,0.9997333333333334
0.5132803943044907,0.9997333333333334
0.5133155336482509,0.9997333333333334
0.5133506778036423,0.9997333333333334
0.5133858267716536,0.9997333333333334
0.5134209805532731,0.9997333333333334
0.5134561391494898,0.9997333333333334
0.5134913025612929,0.9997333333333334
0.513526470789672,0.9997333333333334
0.5135616438356164,0.9997333333333334
0.5135968217001164,0.9997333333333334
0.5136320043841622,0.9997333333333334
0.5136671918887442,0.9997333333333334
0.5137023842148534,0.9997333333333334
0.5137375813634807,0.9997333333333334
0.5137727833356174,0.9997333333333334
0.5138079901322552,0.9997333333333334
0.5138432017543859,0.9997333333333334
0.5138784182030018,0.9997333333333334
0.5139136394790953,0.9997333333333334
0.5139488655836589,0.9997333333333334
0.5139840965176857,0.9997333333333334
0.514019332282169,0.9997333333333334
0.5140545728781023,0.9997333333333334
0.5140898183064793,0.9997333333333334
0.514125068568294,0.9997333333333334
0.5141603236645409,0.9997333333333334
0.5141955835962145,0.9997333333333334
0.5142308483643098,0.9997333333333334
0.5142661179698217,0.9997333333333334
0.5143013924137458,0.9997333333333334
0.5143366716970778,0.9997333333333334
0.5143719558208136,0.9997333333333334
0.5144072447859495,0.9997333333333334
0.514442538593482,0.9997333333333334
0.5144778372444079,0.9997333333333334
0.5145131407397241,0.9997333333333334
0.5145484490804282,0.9997333333333334
0.5145837622675177,0.9997333333333334
0.5146190803019904,0.9997333333333334
0.5146544031848446,0.9997333333333334
0.5146897309170785,0.9997333333333334
0.514725063499691,0.9997333333333334
0.5147604009336811,0.9997333333333334
0.5147957432200481,0.9997333333333334
0.5148310903597912,0.9997333333333334
0.5148664423539105,0.9997333333333334
0.5149017992034062,0.9997333333333334
0.5149371609092782,0.9997333333333334
0.5149725274725274,0.9997333333333334
0.5150078988941548,0.9997333333333334
0.5150432751751615,0.9997333333333334
0.5150786563165487,0.9997333333333334
0.5151140423193185,0.9997333333333334
0.5151494331844727,0.9997333333333334
0.5151848289130136,0.9997333333333334
0.5152202295059438,0.9997333333333334
0.5152556349642661,0.9997333333333334
0.5152910452889836,0.9997333333333334
0.5153264604810996,0.9997333333333334
0.515361880541618,0.9997333333333334
0.5153973054715425,0.9997333333333334
0.5154327352718774,0.9997333333333334
0.5154681699436271,0.9997333333333334
0.5155036094877965,0.9997333333333334
0.5155390539053906,0.9997333333333334
0.5155745031974146,0.9997333333333334
0.5156099573648741,0.9997333333333334
0.5156454164087751,0.9997333333333334
0.5156808803301238,0.9997333333333334
0.5157163491299264,0.9997333333333334
0.5157518228091897,0.9997333333333334
0.5157873013689207,0.9997333333333334
0.5158227848101266,0.9997333333333334
0.5158582731338149,0.9997333333333334
0.5158937663409935,0.9997333333333334
0.5159292644326705,0.9997333333333334
0.5159647674098541,0.9997333333333334
0.5160002752735531,0.9997333333333334
0.5160357880247763,0.9997333333333334
0.516071305664533,0.9997333333333334
0.5161068281938326,0.9997333333333334
0.5161423556136848,0.9997333333333334
0.5161778879250998,0.9997333333333334
0.5162134251290877,0.9997333333333334
0.5162489672266594,0.9997333333333334
0.5162845142188253,0.9997333333333334
0.5163200661065969,0.9997333333333334
0.5163556228909855,0.9997333333333334
0.5163911845730027,0.9997333333333334
0.5164267511536608,0.9997333333333334
0.5164623226339716,0.9997333333333334
0.516497899014948,0.9997333333333334
0.5165334802976026,0.9997333333333334
0.5165690664829486,0.9997333333333334
0.5166046575719995,0.9997333333333334
0.5166402535657686,0.9997333333333334
0.5166758544652701,0.9997333333333334
0.5167114602715182,0.9997333333333334
0.5167470709855272,0.9997333333333334
0.5167826866083121,0.9997333333333334
0.5168183071408878,0.9997333333333334
0.5168539325842697,0.9997333333333334
0.5168895629394733,0.9997333333333334
0.5169251982075147,0.9997333333333334
0.5169608383894099,0.9997333333333334
0.5169964834861753,0.9997333333333334
0.5170321334988277,0.9997333333333334
0.5170677884283843,0.9997333333333334
0.5171034482758621,0.9997333333333334
0.5171391130422788,0.9997333333333334
0.5171747827286522,0.9997333333333334
0.5172104573360006,0.9997333333333334
0.5172461368653422,0.9997333333333334
0.5172818213176957,0.9997333333333334
0.5173175106940803,0.9997333333333334
0.5173532049955151,0.9997333333333334
0.5173889042230196,0.9997333333333334
0.5174246083776137,0.9997333333333334
0.5174603174603175,0.9997333333333334
0.5174960314721513,0.9997333333333334
0.5175317504141358,0.9997333333333334
0.5175674742872921,0.9997333333333334
0.5176032030926412,0.9997333333333334
0.5176389368312047,0.9997333333333334
0.5176746755040044,0.9997333333333334
0.5177104191120624,0.9997333333333334
0.517746167656401,0.9997333333333334
0.517781921138043,0.9997333333333334
0.5178176795580111,0.9997333333333334
0.5178534429173286,0.9997333333333334
0.5178892112170189,0.9997333333333334
0.517924984458106,0.9997333333333334
0.5179607626416137,0.9997333333333334
0.5179965457685665,0.9997333333333334
0.5180323338399889,0.9997333333333334
0.518068126856906,0.9997333333333334
0.5181039248203427,0.9997333333333334
0.5181397277313248,0.9997333333333334
0.5181755355908777,0.9997333333333334
0.5182113484000277,0.9997333333333334
0.5182471661598009,0.9997333333333334
0.5182829888712241,0.9997333333333334
0.5183188165353242,0.9997333333333334
0.5183546491531282,0.9997333333333334
0.5183904867256637,0.9997333333333334
0.5184263292539584,0.9997333333333334
0.5184621767390403,0.9997333333333334
0.5184980291819377,0.9997333333333334
0.5185338865836792,0.9997333333333334
0.5185697489452936,0.9997333333333334
0.5186056162678102,0.9997333333333334
0.5186414885522584,0.9997333333333334
0.5186773657996679,0.9997333333333334
0.5187132480110689,0.9997333333333334
0.5187491351874913,0.9997333333333334
0.5187850273299661,0.9997333333333334
0.518820924439524,0.9997333333333334
0.518856826517196,0.9997333333333334
0.5188927335640139,0.9997333333333334
0.518928645581009,0.9997333333333334
0.5189645625692137,0.9997333333333334
0.5190004845296602,0.9997333333333334
0.5190364114633809,0.9997333333333334
0.5190723433714088,0.9997333333333334
0.5191082802547771,0.9997333333333334
0.5191442221145192,0.9997333333333334
0.5191801689516687,0.9997333333333334
0.5192161207672599,0.9997333333333334
0.5192520775623268,0.9997333333333334
0.5192880393379042,0.9997333333333334
0.519324006095027,0.9997333333333334
0.5193599778347302,0.9997333333333334
0.5193959545580493,0.9997333333333334
0.5194319362660201,0.9997333333333334
0.5194679229596786,0.9997333333333334
0.519503914640061,0.9997333333333334
0.519539911308204,0.9997333333333334
0.5195759129651445,0.9997333333333334
0.5196119196119197,0.9997333333333334
0.5196479312495669,0.9997333333333334
0.519683947879124,0.9997333333333334
0.5197199695016289,0.9997333333333334
0.5197559961181201,0.9997333333333334
0.5197920277296361,0.9997333333333334
0.5198280643372157,0.9997333333333334
0.5198641059418984,0.9997333333333334
0.5199001525447233,0.9997333333333334
0.5199362041467305,0.9997333333333334
0.5199722607489597,0.9997333333333334
0.5200083223524516,0.9997333333333334
0.5200443889582467,0.9997333333333334
0.5200804605673858,0.9997333333333334
0.5201165371809101,0.9997333333333334
0.5201526187998613,0.9997333333333334
0.520188705425281,0.9997333333333334
0.5202247970582113,0.9997333333333334
0.5202608936996947,0.9997333333333334
0.5202969953507737,0.9997333333333334
0.5203331020124913,0.9997333333333334
0.5203692136858907,0.9997333333333334
0.5204053303720155,0.9997333333333334
0.5204414520719095,0.9997333333333334
0.5204775787866167,0.9997333333333334
0.5205137105171815,0.9997333333333334
0.5205498472646487,0.9997333333333334
0.5205859890300631,0.9997333333333334
0.5206221358144703,0.9997333333333334
0.5206582876189153,0.9997333333333334
0.5206944444444445,0.9997333333333334
0.5207306062921037,0.9997333333333334
0.5207667731629393,0.9997333333333334
0.5208029450579982,0.9997333333333334
0.5208391219783273,0.9997333333333334
0.5208753039249739,0.9997333333333334
0.5209114908989857,0.9997333333333334
0.5209476829014104,0.9997333333333334
0.5209838799332963,0.9997333333333334
0.5210200819956917,0.9997333333333334
0.5210562890896456,0.9997333333333334
0.5210925012162069,0.9997333333333334
0.5211287183764248,0.9997333333333334
0.5211649405713491,0.9997333333333334
0.5212011678020297,0.9997333333333334
0.5212374000695169,0.9997333333333334
0.521273637374861,0.9997333333333334
0.5213098797191128,0.9997333333333334
0.5213461271033236,0.9997333333333334
0.5213823795285446,0.9997333333333334
0.5214186369958276,0.9997333333333334
0.5214548995062244,0.9997333333333334
0.5214911670607874,0.9997333333333334
0.5215274396605689,0.9997333333333334
0.5215637173066221,0.9997333333333334
0.5216,0.9997333333333334
0.521636287741756,0.9997333333333334
0.5216725805329437,0.9997333333333334
0.5217088783746173,0.9997333333333334
0.5217451812678311,0.9997333333333334
0.5217814892136395,0.9997333333333334
0.5218178022130976,0.9997333333333334
0.5218541202672605,0.9997333333333334
0.5218904433771838,0.9997333333333334
0.5219267715439232,0.9997333333333334
0.5219631047685346,0.9997333333333334
0.5219994430520747,0.9997333333333334
0.5220357863955998,0.9997333333333334
0.5220721348001671,0.9997333333333334
0.5221084882668338,0.9997333333333334
0.5221448467966574,0.9997333333333334
0.5221812103906958,0.9997333333333334
0.522217579050007,0.9997333333333334
0.5222539527756495,0.9997333333333334
0.5222903315686821,0.9997333333333334
0.5223267154301637,0.9997333333333334
0.5223631043611537,0.9997333333333334
0.5223994983627116,0.9997333333333334
0.5224358974358975,0.9997333333333334
0.5224723015817713,0.9997333333333334
0.5225087108013937,0.9997333333333334
0.5225451250958255,0.9997333333333334
0.5225815444661277,0.9997333333333334
0.5226179689133617,0.9997333333333334
0.5226543984385892,0.9997333333333334
0.5226908330428721,0.9997333333333334
0.5227272727272727,0.9997333333333334
0.5227637174928537,0.9997333333333334
0.5228001673406777,0.9997333333333334
0.522836622271808,0.9997333333333334
0.5228730822873082,0.9997333333333334
0.5229095473882419,0.9997333333333334
0.522946017575673,0.9997333333333334
0.5229824928506661,0.9997333333333334
0.5230189732142857,0.9997333333333334
0.5230554586675968,0.9997333333333334
0.5230919492116646,0.9997333333333334
0.5231284448475546,0.9997333333333334
0.5231649455763326,0.9997333333333334
0.5232014513990649,0.9997333333333334
0.5232379623168179,0.9997333333333334
0.5232744783306581,0.9997333333333334
0.5233109994416527,0.9997333333333334
0.523347525650869,0.9997333333333334
0.5233840569593745,0.9997333333333334
0.5234205933682373,0.9997333333333334
0.5234571348785255,0.9997333333333334
0.5234936814913077,0.9997333333333334
0.5235302332076526,0.9997333333333334
0.5235667900286293,0.9997333333333334
0.5236033519553073,0.9997333333333334
0.5236399189887562,0.9997333333333334
0.5236764911300461,0.9997333333333334
0.5237130683802472,0.9997333333333334
0.5237496507404303,0.9997333333333334
0.523786238211666,0.9997333333333334
0.5238228307950259,0.9997333333333334
0.5238594284915811,0.9997333333333334
0.5238960313024036,0.9997333333333334
0.5239326392285655,0.9997333333333334
0.5239692522711391,0.9997333333333334
0.5240058704311972,0.9997333333333334
0.5240424937098127,0.9997333333333334
0.524079122108059,0.9997333333333334
0.5241157556270096,0.9997333333333334
0.5241523942677385,0.9997333333333334
0.5241890380313199,0.9997333333333334
0.5242256869188282,0.9997333333333334
0.5242623409313383,0.9997333333333334
0.5242990000699251,0.9997333333333334
0.5243356643356644,0.9997333333333334
0.5243723337296314,0.9997333333333334
0.5244090082529025,0.9997333333333334
0.5244456879065538,0.9997333333333334
0.524482372691662,0.9997333333333334
0.5245190626093039,0.9997333333333334
0.5245557576605568,0.9997333333333334
0.5245924578464983,0.9997333333333334
0.524629163168206,0.9997333333333334
0.5246658736267581,0.9997333333333334
0.524702589223233,0.9997333333333334
0.5247393099587095,0.9997333333333334
0.5247760358342665,0.9997333333333334
0.5248127668509834,0.9997333333333334
0.5248495030099398,0.9997333333333334
0.5248862443122156,0.9997333333333334
0.524922990758891,0.9997333333333334
0.5249597423510467,0.9997333333333334
0.5249964990897633,0.9997333333333334
0.5250332609761221,0.9997333333333334
0.5250700280112045,0.9997333333333334
0.5251068001960921,0.9997333333333334
0.5251435775318672,0.9997333333333334
0.525180360019612,0.9997333333333334
0.5252171476604091,0.9997333333333334
0.5252539404553415,0.9997333333333334
0.5252907384054925,0.9997333333333334
0.5253275415119456,0.9997333333333334
0.5253643497757847,0.9997333333333334
0.525401163198094,0.9997333333333334
0.5254379817799579,0.9997333333333334
0.5254748055224613,0.9997333333333334
0.5255116344266891,0.9997333333333334
0.5254783766734422,0.9996
0.5255152109911678,0.9996
0.5255520504731861,0.9996
0.5255888951205833,0.9996
0.5256257449344458,0.9996
0.5256625999158603,0.9996
0.5256994600659141,0.9996
0.5257363253856943,0.9996
0.5257731958762887,0.9996
0.5258100715387852,0.9996
0.5258469523742723,0.9996
0.5258838383838383,0.9996
0.5259207295685724,0.9996
0.5259576259295636,0.9996
0.5259945274679015,0.9996
0.5260314341846758,0.9996
0.5260683460809767,0.9996
0.5261052631578947,0.9996
0.5261421854165205,0.9996
0.5261791128579449,0.9996
0.5262160454832596,0.9996
0.5262529832935561,0.9996
0.5262899262899263,0.9996
0.5263268744734625,0.9996
0.5263638278452574,0.9996
0.5264007864064036,0.9996
0.5264377501579945,0.9996
0.5264747191011236,0.9996
0.5265116932368846,0.9996
0.5265486725663717,0.9996
0.5265856570906792,0.9996
0.526622646810902,0.9996
0.5266596417281348,0.9996
0.5266966418434734,0.9996
0.5267336471580131,0.9996
0.5267706576728499,0.9996
0.5268076733890802,0.9996
0.5268446943078005,0.9996
0.5268817204301075,0.9996
0.5269187517570987,0.9996
0.5269557882898713,0.9996
0.5269928300295235,0.9996
0.5270298769771529,0.9996
0.5270669291338582,0.9996
0.5271039865007382,0.9996
0.5271410490788918,0.9996
0.5271781168694185,0.9996
0.5272151898734178,0.9996
0.5272522680919896,0.9996
0.5272893515262344,0.9996
0.5273264401772526,0.9996
0.5273635340461452,0.9996
0.5274006331340134,0.9996
0.5274377374419587,0.9996
0.5274748469710828,0.9996
0.527511961722488,0.9996
0.5275490816972768,0.9996
0.5275862068965518,0.9996
0.527623337321416,0.9996
0.527660472972973,0.9996
0.5276976138523263,0.9996
0.5277347599605801,0.9996
0.5277719112988385,0.9996
0.5278090678682061,0.9996
0.5278462296697881,0.9996
0.5278833967046895,0.9996
0.527920568974016,0.9996
0.5279577464788733,0.9996
0.5279949292203676,0.9996
0.5280321171996056,0.9996
0.5280693104176939,0.9996
0.5281065088757396,0.9996
0.5281437125748503,0.9996
0.5281809215161336,0.9996
0.5282181357006975,0.9996
0.5282553551296505,0.9996
0.5282925798041012,0.9996
0.5283298097251585,0.9996
0.5283670448939319,0.9996
0.5284042853115308,0.9996
0.5284415309790653,0.9996
0.5284787818976455,0.9996
0.5285160380683821,0.9996
0.5285532994923858,0.9996
0.5285200592258338,0.9994666666666666
0.5285573261881258,0.9994666666666666
0.5285945984063183,0.9994666666666666
0.5286318758815233,0.9994666666666666
0.528669158614853,0.9994666666666666
0.5287064466074199,0.9994666666666666
0.5287437398603372,0.9994666666666666
0.5287810383747178,0.9994666666666666
0.5288183421516754,0.9994666666666666
0.528855651192324,0.9994666666666666
0.5288929654977774,0.9994666666666666
0.5289302850691504,0.9994666666666666
0.5289676099075576,0.9994666666666666
0.5290049400141144,0.9994666666666666
0.5290422753899358,0.9994666666666666
0.5290796160361377,0.9994666666666666
0.5291169619538364,0.9994666666666666
0.529154313144148,0.9994666666666666
0.5291916696081892,0.9994666666666666
0.5292290313470771,0.9994666666666666
0.529266398361929,0.9994666666666666
0.5293037706538625,0.9994666666666666
0.5293411482239955,0.9994666666666666
0.5293785310734463,0.9994666666666666
0.5294159192033335,0.9994666666666666
0.5294533126147761,0.9994666666666666
0.5294907113088931,0.9994666666666666
0.5295281152868042,0.9994666666666666
0.5295655245496291,0.9994666666666666
0.5296029390984881,0.9994666666666666
0.5296403589345016,0.9994666666666666
0.5296777840587903,0.9994666666666666
0.5297152144724755,0.9994666666666666
0.5297526501766785,0.9994666666666666
0.5297900911725211,0.9994666666666666
0.5298275374611252,0.9994666666666666
0.5298649890436135,0.9994666666666666
0.5299024459211085,0.9994666666666666
0.5299399080947331,0.9994666666666666
0.5299773755656109,0.9994666666666666
0.5300148483348653,0.9994666666666666
0.5300523264036204,0.9994666666666666
0.5300898097730005,0.9994666666666666
0.5301272984441301,0.9994666666666666
0.5301647924181342,0.9994666666666666
0.5302022916961381,0.9994666666666666
0.5302397962792672,0.9994666666666666
0.5302773061686474,0.9994666666666666
0.530314821365405,0.9994666666666666
0.5303523418706665,0.9994666666666666
0.5303898676855586,0.9994666666666666
0.5304273988112086,0.9994666666666666
0.5304649352487439,0.9994666666666666
0.5305024769992923,0.9994666666666666
0.5305400240639819,0.9994666666666666
0.5305775764439411,0.9994666666666666
0.5306151341402987,0.9994666666666666
0.5306526971541837,0.9994666666666666
0.5306902654867257,0.9994666666666666
0.5307278391390541,0.9994666666666666
0.530765418112299,0.9994666666666666
0.530803002407591,0.9994666666666666
0.5308405920260605,0.9994666666666666
0.5308781869688385,0.9994666666666666
0.5309157872370565,0.9994666666666666
0.5309533928318458,0.9994666666666666
0.5309910037543387,0.9994666666666666
0.5310286200056673,0.9994666666666666
0.5310662415869642,0.9994666666666666
0.5311038684993623,0.9994666666666666
0.5311415007439949,0.9994666666666666
0.5311791383219955,0.9994666666666666
0.5312167812344979,0.9994666666666666
0.5312544294826365,0.9994666666666666
0.5312920830675455,0.9994666666666666
0.5313297419903601,0.9994666666666666
0.5313674062522152,0.9994666666666666
0.5314050758542465,0.9994666666666666
0.5314427507975895,0.9994666666666666
0.5314804310833806,0.9994666666666666
0.5315181167127562,0.9994666666666666
0.531555807686853,0.9994666666666666
0.531593504006808,0.9994666666666666
0.5316312056737589,0.9994666666666666
0.5316689126888432,0.9994666666666666
0.531706625053199,0.9994666666666666
0.5317443427679648,0.9994666666666666
0.5317820658342792,0.9994666666666666
0.5318197942532813,0.9994666666666666
0.5318575280261104,0.9994666666666666
0.5318952671539062,0.9994666666666666
0.5319330116378087,0.9994666666666666
0.5319707614789582,0.9994666666666666
0.5320085166784954,0.9994666666666666
0.5320462772375613,0.9994666666666666
0.532084043157297,0.9994666666666666
0.5321218144388443,0.9994666666666666
0.5321595910833452,0.9994666666666666
0.5321973730919418,0.9994666666666666
0.5322351604657768,0.9994666666666666
0.532272953205993,0.9994666666666666
0.5323107513137338,0.9994666666666666
0.5323485547901428,0.9994666666666666
0.5323863636363636,0.9994666666666666
0.5324241778535407,0.9994666666666666
0.5324619974428186,0.9994666666666666
0.532499822405342,0.9994666666666666
0.5325376527422563,0.9994666666666666
0.5325754884547069,0.9994666666666666
0.5326133295438397,0.9994666666666666
0.5326511760108008,0.9994666666666666
0.5326890278567368,0.9994666666666666
0.5327268850827944,0.9994666666666666
0.5327647476901208,0.9994666666666666
0.5328026156798635,0.9994666666666666
0.5328404890531703,0.9994666666666666
0.5328783678111894,0.9994666666666666
0.532916251955069,0.9994666666666666
0.5329541414859581,0.9994666666666666
0.5329920364050057,0.9994666666666666
0.5330299367133613,0.9994666666666666
0.5330678424121746,0.9994666666666666
0.5331057535025958,0.9994666666666666
0.5331436699857752,0.9994666666666666
0.5331815918628636,0.9994666666666666
0.5332195191350121,0.9994666666666666
0.533257451803372,0.9994666666666666
0.5332953898690951,0.9994666666666666
0.5333333333333333,0.9994666666666666
0.5333712821972392,0.9994666666666666
0.5334092364619654,0.9994666666666666
0.533447196128665,0.9994666666666666
0.5334851611984912,0.9994666666666666
0.5335231316725979,0.9994666666666666
0.5335611075521389,0.9994666666666666
0.5335990888382688,0.9994666666666666
0.5336370755321421,0.9994666666666666
0.5336750676349139,0.9994666666666666
0.5337130651477394,0.9994666666666666
0.5337510680717744,0.9994666666666666
0.5337890764081749,0.9994666666666666
0.5338270901580972,0.9994666666666666
0.5338651093226978,0.9994666666666666
0.5339031339031339,0.9994666666666666
0.5339411639005627,0.9994666666666666
0.5339791993161419,0.9994666666666666
0.5340552864063836,0.9994666666666666
0.534093338083363,0.9994666666666666
0.5341313951831267,0.9994666666666666
0.5341694577068339,0.9994666666666666
0.5342075256556442,0.9994666666666666
0.5342455990307177,0.9994666666666666
0.5342836778332145,0.9994666666666666
0.5343217620642954,0.9994666666666666
0.5343598517251212,0.9994666666666666
0.5343979468168533,0.9994666666666666
0.5344360473406531,0.9994666666666666
0.5344741532976827,0.9994666666666666
0.5345122646891044,0.9994666666666666
0.5345503815160807,0.9994666666666666
0.5345885037797746,0.9994666666666666
0.5346266314813494,0.9994666666666666
0.5346647646219687,0.9994666666666666
0.5347029032027962,0.9994666666666666
0.5347410472249964,0.9994666666666666
0.534779196689734,0.9994666666666666
0.5348173515981736,0.9994666666666666
0.5348555119514805,0.9994666666666666
0.5348936777508206,0.9994666666666666
0.5349318489973596,0.9994666666666666
0.5349700256922638,0.9994666666666666
0.5350082078366998,0.9994666666666666
0.5350463954318344,0.9994666666666666
0.535084588478835,0.9994666666666666
0.5351227869788692,0.9994666666666666
0.5351609909331049,0.9994666666666666
0.5351992003427103,0.9994666666666666
0.5352374152088539,0.9994666666666666
0.535275635532705,0.9994666666666666
0.5353138613154325,0.9994666666666666
0.5353520925582059,0.9994666666666666
0.5353903292621955,0.9994666666666666
0.5354285714285715,0.9994666666666666
0.5354668190585041,0.9994666666666666
0.5355050721531648,0.9994666666666666
0.5355433307137244,0.9994666666666666
0.5355815947413547,0.9994666666666666
0.5356198642372276,0.9994666666666666
0.5356581392025154,0.9994666666666666
0.5356964196383907,0.9994666666666666
0.5357347055460263,0.9994666666666666
0.5357729969265956,0.9994666666666666
0.5358112937812723,0.9994666666666666
0.5358495961112303,0.9994666666666666
0.5358879039176437,0.9994666666666666
0.5359262172016873,0.9994666666666666
0.535964535964536,0.9994666666666666
0.536002860207365,0.9994666666666666
0.5360411899313501,0.9994666666666666
0.5360795251376672,0.9994666666666666
0.5361178658274925,0.9994666666666666
0.5361562120020027,0.9994666666666666
0.5361945636623748,0.9994666666666666
0.5362329208097861,0.9994666666666666
0.5362712834454142,0.9994666666666666
0.5363096515704372,0.9994666666666666
0.5363480251860332,0.9994666666666666
0.536386404293381,0.9994666666666666
0.5364247888936596,0.9994666666666666
0.5364631789880484,0.9994666666666666
0.5365015745777268,0.9994666666666666
0.5365399756638751,0.9994666666666666
0.5365783822476736,0.9994666666666666
0.5366167943303028,0.9994666666666666
0.5366552119129439,0.9994666666666666
0.5366936349967781,0.9994666666666666
0.5367320635829873,0.9994666666666666
0.5367704976727533,0.9994666666666666
0.5368089372672586,0.9994666666666666
0.536847382367686,0.9994666666666666
0.5368858329752184,0.9994666666666666
0.5369242890910393,0.9994666666666666
0.5369627507163324,0.9994666666666666
0.5370012178522817,0.9994666666666666
0.5370396905000716,0.9994666666666666
0.537078168660887,0.9994666666666666
0.5371166523359129,0.9994666666666666
0.5371551415263347,0.9994666666666666
0.5371936362333382,0.9994666666666666
0.5372321364581094,0.9994666666666666
0.5372706422018348,0.9994666666666666
0.5373091534657014,0.9994666666666666
0.537347670250896,0.9994666666666666
0.5373861925586063,0.9994666666666666
0.5374247203900201,0.9994666666666666
0.5374632537463254,0.9994666666666666
0.5375017926287108,0.9994666666666666
0.537540337038365,0.9994666666666666
0.5375788869764774,0.9994666666666666
0.5376174424442373,0.9994666666666666
0.5376560034428346,0.9994666666666666
0.5376945699734595,0.9994666666666666
0.5377331420373027,0.9994666666666666
0.5377717196355549,0.9994666666666666
0.5378103027694073,0.9994666666666666
0.5378488914400517,0.9994666666666666
0.5378874856486797,0.9994666666666666
0.5379260853964837,0.9994666666666666
0.5379646906846562,0.9994666666666666
0.5380033015143902,0.9994666666666666
0.5380419178868792,0.9994666666666666
0.5380805398033164,0.9994666666666666
0.538119167264896,0.9994666666666666
0.5381578002728121,0.9994666666666666
0.5381964388282596,0.9994666666666666
0.5382350829324334,0.9994666666666666
0.5382737325865288,0.9994666666666666
0.5383123877917415,0.9994666666666666
0.5383510485492674,0.9994666666666666
0.5383897148603031,0.9994666666666666
0.5384283867260451,0.9994666666666666
0.5384670641476905,0.9994666666666666
0.5385057471264367,0.9994666666666666
0.5385444356634815,0.9994666666666666
0.538583129760023,0.9994666666666666
0.5386218294172594,0.9994666666666666
0.5386605346363897,0.9994666666666666
0.538699245418613,0.9994666666666666
0.5387379617651287,0.9994666666666666
0.5387766836771365,0.9994666666666666
0.5388154111558366,0.9994666666666666
0.5388541442024297,0.9994666666666666
0.5388928828181164,0.9994666666666666
0.538931627004098,0.9994666666666666
0.5389703767615761,0.9994666666666666
0.5390091320917524,0.9994666666666666
0.5390478929958291,0.9994666666666666
0.539086659475009,0.9994666666666666
0.5391254315304949,0.9994666666666666
0.53916420916349,0.9994666666666666
0.5392029923751979,0.9994666666666666
0.5392417811668225,0.9994666666666666
0.5392805755395683,0.9994666666666666
0.5393193754946399,0.9994666666666666
0.5393581810332422,0.9994666666666666
0.5393969921565805,0.9994666666666666
0.5394358088658607,0.9994666666666666
0.5394746311622886,0.9994666666666666
0.5395134590470707,0.9994666666666666
0.5394803138271071,0.9993333333333333
0.5395191477109128,0.9993333333333333
0.5395579871859477,0.9993333333333333
0.5395968322534197,0.9993333333333333
0.5396356829145367,0.9993333333333333
0.5396745391705069,0.9993333333333333
0.5397134010225391,0.9993333333333333
0.5397522684718421,0.9993333333333333
0.5397911415196255,0.9993333333333333
0.5398300201670988,0.9993333333333333
0.5398689044154722,0.9993333333333333
0.5399077942659559,0.9993333333333333
0.5399466897197608,0.9993333333333333
0.5399855907780979,0.9993333333333333
0.5400244974421788,0.9993333333333333
0.5400634097132152,0.9993333333333333
0.5401023275924192,0.9993333333333333
0.5401412510810032,0.9993333333333333
0.5401801801801802,0.9993333333333333
0.5402191148911634,0.9993333333333333
0.5402580552151661,0.9993333333333333
0.5402970011534025,0.9993333333333333
0.5403359527070867,0.9993333333333333
0.5403749098774333,0.9993333333333333
0.5404138726656572,0.9993333333333333
0.5404918151005985,0.9993333333333333
0.5405307947497476,0.9993333333333333
0.5405697800216372,0.9993333333333333
0.5406087709174842,0.9993333333333333
0.5406477674385054,0.9993333333333333
0.5406867695859183,0.9993333333333333
0.5407257773609407,0.9993333333333333
0.5407647907647908,0.9993333333333333
0.5408038097986868,0.9993333333333333
0.5408428344638476,0.9993333333333333
0.5408818647614924,0.9993333333333333
0.5409209006928406,0.9993333333333333
0.5409599422591123,0.9993333333333333
0.5409989894615274,0.9993333333333333
0.5410380423013066,0.9993333333333333
0.5410771007796709,0.9993333333333333
0.5411161648978413,0.9993333333333333
0.5411552346570397,0.9993333333333333
0.541194310058488,0.9993333333333333
0.5412333911034084,0.9993333333333333
0.5412724777930238,0.9993333333333333
0.541311570128557,0.9993333333333333
0.5413506681112314,0.9993333333333333
0.541389771742271,0.9993333333333333
0.5414288810228997,0.9993333333333333
0.5414679959543418,0.9993333333333333
0.5415071165378225,0.9993333333333333
0.5415462427745664,0.9993333333333333
0.5415853746657996,0.9993333333333333
0.5416245122127475,0.9993333333333333
0.5416636554166365,0.9993333333333333
0.5417028042786932,0.9993333333333333
0.5417419588001445,0.9993333333333333
0.5417811189822177,0.9993333333333333
0.5418202848261404,0.9993333333333333
0.5418594563331406,0.9993333333333333
0.5418986335044466,0.9993333333333333
0.541937816341287,0.9993333333333333
0.5419770048448912,0.9993333333333333
0.5420161990164882,0.9993333333333333
0.5420553988573081,0.9993333333333333
0.5420946043685809,0.9993333333333333
0.5421338155515371,0.9993333333333333
0.5421730324074074,0.9993333333333333
0.5422122549374231,0.9993333333333333
0.5422514831428158,0.9993333333333333
0.5422907170248173,0.9993333333333333
0.5423299565846599,0.9993333333333333
0.5423692018235763,0.9993333333333333
0.5424084527427993,0.9993333333333333
0.5424477093435622,0.9993333333333333
0.542486971627099,0.9993333333333333
0.5425262395946435,0.9993333333333333
0.5425655132474302,0.9993333333333333
0.5426047925866937,0.9993333333333333
0.5426440776136693,0.9993333333333333
0.5426833683295924,0.9993333333333333
0.5427226647356987,0.9993333333333333
0.5427619668332248,0.9993333333333333
0.5428012746234068,0.9993333333333333
0.5428405881074817,0.9993333333333333
0.542879907286687,0.9993333333333333
0.54291923216226,0.9993333333333333
0.542958562735439,0.9993333333333333
0.5429978990074621,0.9993333333333333
0.5430372409795682,0.9993333333333333
0.5430765886529961,0.9993333333333333
0.5431159420289855,0.9993333333333333
0.543155301108776,0.9993333333333333
0.5431946658936078,0.9993333333333333
0.5432340363847213,0.9993333333333333
0.5432734125833575,0.9993333333333333
0.5433127944907575,0.9993333333333333
0.5433521821081629,0.9993333333333333
0.5433915754368158,0.9993333333333333
0.5434309744779582,0.9993333333333333
0.543470379232833,0.9993333333333333
0.5435097897026832,0.9993333333333333
0.5435492058887519,0.9993333333333333
0.5435886277922831,0.9993333333333333
0.543628055414521,0.9993333333333333
0.5436674887567097,0.9993333333333333
0.5437069278200943,0.9993333333333333
0.54374637260592,0.9993333333333333
0.543785823115432,0.9993333333333333
0.5438252793498767,0.9993333333333333
0.5438647413105,0.9993333333333333
0.5439042089985486,0.9993333333333333
0.5439436824152696,0.9993333333333333
0.5439831615619103,0.9993333333333333
0.5440226464397183,0.9993333333333333
0.5440621370499419,0.9993333333333333
0.5441016333938294,0.9993333333333333
0.5441411354726295,0.9993333333333333
0.5441806432875916,0.9993333333333333
0.5442201568399652,0.9993333333333333
0.5442596761309999,0.9993333333333333
0.5442992011619463,0.9993333333333333
0.5443387319340548,0.9993333333333333
0.5443782684485764,0.9993333333333333
0.5444178107067625,0.9993333333333333
0.5444573587098649,0.9993333333333333
0.5444969124591355,0.9993333333333333
0.544463818657367,0.9992
0.5445033786238466,0.9992
0.5445429443394856,0.9992
0.5445825158055374,0.9992
0.5446220930232558,0.9992
0.5446616759938949,0.9992
0.5447012647187092,0.9992
0.5447408591989532,0.9992
0.5447804594358825,0.9992
0.5448200654307525,0.9992
0.544859677184819,0.9992
0.5448992946993383,0.9992
0.5449389179755671,0.9992
0.5449785470147626,0.9992
0.5450181818181818,0.9992
0.5450578223870827,0.9992
0.5450974687227234,0.9992
0.5451371208263621,0.9992
0.545176778699258,0.9992
0.5452164423426701,0.9992
0.5452561117578579,0.9992
0.5452957869460816,0.9992
0.5453354679086013,0.9992
0.5453751546466779,0.9992
0.5454148471615721,0.9992
0.5454545454545454,0.9992
0.5454942495268598,0.9992
0.5455339593797772,0.9992
0.5455736750145603,0.9992
0.5456133964324718,0.9992
0.545653123634775,0.9992
0.5456928566227336,0.9992
0.5457325953976114,0.9992
0.545772339960673,0.9992
0.5458120903131828,0.9992
0.5458518464564062,0.9992
0.5458916083916084,0.9992
0.5459313761200554,0.9992
0.5459711496430133,0.9992
0.5460109289617486,0.9992
0.5460507140775284,0.9992
0.5460905049916199,0.9992
0.5461303017052908,0.9992
0.546170104219809,0.9992
0.5462099125364431,0.9992
0.5462497266564619,0.9992
0.5462895465811343,0.9992
0.54632937231173,0.9992
0.5463692038495188,0.9992
0.546409041195771,0.9992
0.5464488843517573,0.9992
0.5464887333187486,0.9992
0.5465285880980163,0.9992
0.5465684486908322,0.9992
0.5466083150984683,0.9992
0.5466481873221971,0.9992
0.5466880653632915,0.9992
0.5467279492230247,0.9992
0.5467678389026703,0.9992
0.5468077344035024,0.9992
0.5468476357267951,0.9992
0.5468875428738232,0.9992
0.5469274558458619,0.9992
0.5469673746441865,0.9992
0.547007299270073,0.9992
0.5470472297247975,0.9992
0.5470871660096365,0.9992
0.547127108125867,0.9992
0.5471670560747663,0.9992
0.5472070098576123,0.9992
0.5472469694756827,0.9992
0.5472869349302564,0.9992
0.5473269062226117,0.9992
0.5473668833540282,0.9992
0.5474068663257853,0.9992
0.5474468551391628,0.9992
0.5474868497954413,0.9992
0.5475268502959012,0.9992
0.5475668566418238,0.9992
0.5476068688344903,0.9992
0.5476468868751827,0.9992
0.547686910765183,0.9992
0.547726940505774,0.9992
0.5477669760982384,0.9992
0.5478070175438596,0.9992
0.5477739600848015,0.9990666666666667
0.5478140078958912,0.9990666666666667
0.5478540615632083,0.9990666666666667
0.5478941210880375,0.9990666666666667
0.5479341864716636,0.9990666666666667
0.5479742577153722,0.9990666666666667
0.548014334820449,0.9990666666666667
0.5480544177881802,0.9990666666666667
0.5480945066198523,0.9990666666666667
0.548134601316752,0.9990666666666667
0.5481747018801668,0.9990666666666667
0.5482148083113842,0.9990666666666667
0.5482549206116923,0.9990666666666667
0.5482950387823796,0.9990666666666667
0.5483351628247347,0.9990666666666667
0.5483752927400468,0.9990666666666667
0.5484154285296055,0.9990666666666667
0.5484555701947006,0.9990666666666667
0.5484957177366225,0.9990666666666667
0.5485358711566618,0.9990666666666667
0.5485760304561095,0.9990666666666667
0.5486161956362572,0.9990666666666667
0.5486563666983965,0.9990666666666667
0.5486965436438196,0.9990666666666667
0.5487367264738191,0.9990666666666667
0.548776915189688,0.9990666666666667
0.5488171097927196,0.9990666666666667
0.5488573102842075,0.9990666666666667
0.5488975166654457,0.9990666666666667
0.548937728937729,0.9990666666666667
0.5489779471023518,0.9990666666666667
0.5490181711606096,0.9990666666666667
0.5490584011137979,0.9990666666666667
0.5490986369632127,0.9990666666666667
0.5491388787101502,0.9990666666666667
0.5491791263559074,0.9990666666666667
0.5492193799017812,0.9990666666666667
0.5492596393490691,0.9990666666666667
0.549299904699069,0.9990666666666667
0.5493401759530792,0.9990666666666667
0.5493804531123982,0.9990666666666667
0.5494207361783253,0.9990666666666667
0.5494610251521596,0.9990666666666667
0.5495013200352009,0.9990666666666667
0.5495416208287496,0.9990666666666667
0.549581927534106,0.9990666666666667
0.549622240152571,0.9990666666666667
0.549662558685446,0.9990666666666667
0.5497028831340327,0.9990666666666667
0.5497432134996332,0.9990666666666667
0.5497835497835498,0.9990666666666667
0.5498238919870854,0.9990666666666667
0.5498642401115432,0.9990666666666667
0.5499045941582269,0.9990666666666667
0.5499449541284404,0.9990666666666667
0.549985320023488,0.9990666666666667
0.5500256918446744,0.9990666666666667
0.550066069593305,0.9990666666666667
0.550106453270685,0.9990666666666667
0.5501468428781204,0.9990666666666667
0.5501872384169175,0.9990666666666667
0.550227639888383,0.9990666666666667
0.550268047293824,0.9990666666666667
0.5503084606345476,0.9990666666666667
0.5503488799118619,0.9990666666666667
0.5503893051270751,0.9990666666666667
0.5504297362814956,0.9990666666666667
0.5504701733764326,0.9990666666666667
0.5505106164131952,0.9990666666666667
0.5505510653930933,0.9990666666666667
0.550591520317437,0.9990666666666667
0.5506319811875368,0.9990666666666667
0.5506724480047035,0.9990666666666667
0.5507129207702485,0.9990666666666667
0.5507533994854833,0.9990666666666667
0.55079388415172,0.9990666666666667
0.5508343747702713,0.9990666666666667
0.5508748713424496,0.9990666666666667
0.5509153738695685,0.9990666666666667
0.5509558823529411,0.9990666666666667
0.5509963967938819,0.9990666666666667
0.551036917193705,0.9990666666666667
0.5510774435537251,0.9990666666666667
0.5511179758752575,0.9990666666666667
0.5511585141596175,0.9990666666666667
0.5511990584081212,0.9990666666666667
0.5512396086220849,0.9990666666666667
0.5512801648028252,0.9990666666666667
0.5513207269516592,0.9990666666666667
0.5513612950699044,0.9990666666666667
0.5514018691588785,0.9990666666666667
0.5514424492198999,0.9990666666666667
0.5514830352542872,0.9990666666666667
0.5515236272633594,0.9990666666666667
0.5515642252484357,0.9990666666666667
0.5516048292108363,0.9990666666666667
0.551645439151881,0.9990666666666667
0.5516860550728906,0.9990666666666667
0.551726676975186,0.9990666666666667
0.5517673048600884,0.9990666666666667
0.5518079387289196,0.9990666666666667
0.551848578583002,0.9990666666666667
0.5518892244236576,0.9990666666666667
0.5519298762522098,0.9990666666666667
0.5519705340699815,0.9990666666666667
0.5520111978782968,0.9990666666666667
0.5520518676784794,0.9990666666666667
0.5520925434718538,0.9990666666666667
0.5521332252597451,0.9990666666666667
0.5521739130434783,0.9990666666666667
0.5522146068243791,0.9990666666666667
0.5522553066037735,0.9990666666666667
0.5522960123829881,0.9990666666666667
0.5523367241633496,0.9990666666666667
0.552377441946185,0.9990666666666667
0.5524181657328222,0.9990666666666667
0.5524588955245889,0.9990666666666667
0.5524996313228138,0.9990666666666667
0.5525403731288253,0.9990666666666667
0.5525811209439528,0.9990666666666667
0.5526218747695257,0.9990666666666667
0.5526626346068741,0.9990666666666667
0.5527034004573284,0.9990666666666667
0.552744172322219,0.9990666666666667
0.5527849502028772,0.9990666666666667
0.5528257341006345,0.9990666666666667
0.5528665240168228,0.9990666666666667
0.5529073199527745,0.9990666666666667
0.5529481219098221,0.9990666666666667
0.5529889298892989,0.9990666666666667
0.5530297438925382,0.9990666666666667
0.553070563920874,0.9990666666666667
0.5531113899756404,0.9990666666666667
0.5531522220581722,0.9990666666666667
0.5531930601698044,0.9990666666666667
0.5532339043118725,0.9990666666666667
0.5532747544857122,0.9990666666666667
0.5533156106926599,0.9990666666666667
0.5533564729340521,0.9990666666666667
0.553397341211226,0.9990666666666667
0.5534382155255189,0.9990666666666667
0.5534790958782686,0.9990666666666667
0.5535199822708133,0.9990666666666667
0.5535608747044918,0.9990666666666667
0.5536017731806427,0.9990666666666667
0.5536426777006059,0.9990666666666667
0.5536835882657208,0.9990666666666667
0.5537245048773278,0.9990666666666667
0.5537654275367674,0.9990666666666667
0.5538063562453807,0.9990666666666667
0.5538472910045088,0.9990666666666667
0.5538882318154937,0.9990666666666667
0.5539291786796777,0.9990666666666667
0.553970131598403,0.9990666666666667
0.5540110905730129,0.9990666666666667
0.5540520556048506,0.9990666666666667
0.55409302669526,0.9990666666666667
0.554134003845585,0.9990666666666667
0.5541749870571703,0.9990666666666667
0.554215976331361,0.9990666666666667
0.5542569716695022,0.9990666666666667
0.5542979730729398,0.9990666666666667
0.5543389805430199,0.9990666666666667
0.5543799940810891,0.9990666666666667
0.5544210136884943,0.9990666666666667
0.5544620393665828,0.9990666666666667
0.5545441089402013,0.9990666666666667
0.5545851528384279,0.9990666666666667
0.5546262028127313,0.9990666666666667
0.5546672588644608,0.9990666666666667
0.5547083209949659,0.9990666666666667
0.5547493892055971,0.9990666666666667
0.5547904634977048,0.9990666666666667
0.5548315438726398,0.9990666666666667
0.5548726303317536,0.9990666666666667
0.5549137228763978,0.9990666666666667
0.5549548215079247,0.9990666666666667
0.5549959262276868,0.9990666666666667
0.555037037037037,0.9990666666666667
0.5550040743758797,0.9989333333333333
0.5550451918802786,0.9989333333333333
0.5550863154775135,0.9989333333333333
0.555127445168939,0.9989333333333333
0.5551685809559096,0.9989333333333333
0.5552097228397807,0.9989333333333333
0.5552508708219076,0.9989333333333333
0.5552920249036466,0.9989333333333333
0.5553331850863539,0.9989333333333333
0.5553743513713862,0.9989333333333333
0.5554155237601008,0.9989333333333333
0.5554567022538552,0.9989333333333333
0.5554978868540076,0.9989333333333333
0.555539077561916,0.9989333333333333
0.5555802743789395,0.9989333333333333
0.5556214773064373,0.9989333333333333
0.5556626863457688,0.9989333333333333
0.5557039014982941,0.9989333333333333
0.5557451227653735,0.9989333333333333
0.555786350148368,0.9989333333333333
0.5558275836486386,0.9989333333333333
0.5558688232675472,0.9989333333333333
0.5559100690064555,0.9989333333333333
0.555951320866726,0.9989333333333333
0.5559925788497218,0.9989333333333333
0.5560338429568057,0.9989333333333333
0.5561163895486936,0.9989333333333333
0.556157672036226,0.9989333333333333
0.5561989606533037,0.9989333333333333
0.5562402554012918,0.9989333333333333
0.5562815562815563,0.9989333333333333
0.556322863295463,0.9989333333333333
0.5563641764443784,0.9989333333333333
0.5564054957296695,0.9989333333333333
0.5564468211527035,0.9989333333333333
0.5564881527148481,0.9989333333333333
0.5565294904174714,0.9989333333333333
0.5565708342619419,0.9989333333333333
0.5566121842496285,0.9989333333333333
0.5566535403819006,0.9989333333333333
0.5566949026601278,0.9989333333333333
0.5567362710856804,0.9989333333333333
0.5567776456599287,0.9989333333333333
0.5568190263842437,0.9989333333333333
0.556860413259997,0.9989333333333333
0.5569018062885601,0.9989333333333333
0.5569432054713054,0.9989333333333333
0.5569846108096053,0.9989333333333333
0.5570260223048327,0.9989333333333333
0.5570674399583612,0.9989333333333333
0.5571088637715645,0.9989333333333333
0.5571502937458169,0.9989333333333333
0.5571917298824929,0.9989333333333333
0.5572331721829676,0.9989333333333333
0.5572746206486164,0.9989333333333333
0.5573160752808153,0.9989333333333333
0.5573575360809403,0.9989333333333333
0.5573990030503683,0.9989333333333333
0.5574404761904762,0.9989333333333333
0.5574819555026416,0.9989333333333333
0.5575234409882422,0.9989333333333333
0.5575649326486567,0.9989333333333333
0.5576064304852635,0.9989333333333333
0.5576479344994417,0.9989333333333333
0.5576894446925711,0.9989333333333333
0.5577309610660314,0.9989333333333333
0.5577724836212031,0.9989333333333333
0.5578140123594669,0.9989333333333333
0.557855547282204,0.9989333333333333
0.557897088390796,0.9989333333333333
0.5579386356866249,0.9989333333333333
0.5579801891710732,0.9989333333333333
0.5580217488455236,0.9989333333333333
0.5580633147113594,0.9989333333333333
0.5581048867699643,0.9989333333333333
0.5581464650227221,0.9989333333333333
0.5581880494710177,0.9989333333333333
0.5582296401162358,0.9989333333333333
0.5582712369597616,0.9989333333333333
0.5583128400029809,0.9989333333333333
0.5583544492472797,0.9989333333333333
0.5583960646940449,0.9989333333333333
0.5584376863446631,0.9989333333333333
0.5584793142005218,0.9989333333333333
0.5585209482630088,0.9989333333333333
0.5585625885335123,0.9989333333333333
0.5586042350134208,0.9989333333333333
0.5586458877041235,0.9989333333333333
0.5586875466070097,0.9989333333333333
0.5587292117234693,0.9989333333333333
0.5587708830548926,0.9989333333333333
0.5588125606026703,0.9989333333333333
0.5588542443681933,0.9989333333333333
0.5588959343528535,0.9989333333333333
0.5589376305580424,0.9989333333333333
0.5589793329851526,0.9989333333333333
0.5590210416355768,0.9989333333333333
0.5590627565107081,0.9989333333333333
0.5591044776119403,0.9989333333333333
0.5591462049406672,0.9989333333333333
0.5591879384982833,0.9989333333333333
0.5592296782861835,0.9989333333333333
0.5592714243057629,0.9989333333333333
0.5593131765584173,0.9989333333333333
0.5593549350455428,0.9989333333333333
0.5593966997685358,0.9989333333333333
0.5594384707287933,0.9989333333333333
0.5594802479277127,0.9989333333333333
0.5595220313666915,0.9989333333333333
0.5595638210471282,0.9989333333333333
0.5596056169704213,0.9989333333333333
0.5596474191379697,0.9989333333333333
0.5596892275511729,0.9989333333333333
0.5597310422114307,0.9989333333333333
0.5597728631201434,0.9989333333333333
0.5598146902787118,0.9989333333333333
0.5598565236885369,0.9989333333333333
0.5598983633510201,0.9989333333333333
0.5599402092675635,0.9989333333333333
0.5599820614395695,0.9989333333333333
0.5600239198684407,0.9989333333333333
0.5600657845555804,0.9989333333333333
0.5601076555023924,0.9989333333333333
0.5601495327102803,0.9989333333333333
0.560191416180649,0.9989333333333333
0.5602333059149032,0.9989333333333333
0.5602752019144481,0.9989333333333333
0.5603171041806896,0.9989333333333333
0.5603590127150336,0.9989333333333333
0.5604009275188869,0.9989333333333333
0.5604428485936565,0.9989333333333333
0.5604847759407496,0.9989333333333333
0.5605267095615741,0.9989333333333333
0.5605686494575384,0.9989333333333333
0.5606105956300509,0.9989333333333333
0.5606525480805209,0.9989333333333333
0.5606945068103577,0.9989333333333333
0.5607364718209715,0.9989333333333333
0.5607784431137725,0.9989333333333333
0.5608204206901715,0.9989333333333333
0.5608624045515795,0.9989333333333333
0.5609043946994086,0.9989333333333333
0.5609463911350704,0.9989333333333333
0.5609883938599776,0.9989333333333333
0.561030402875543,0.9989333333333333
0.5610724181831798,0.9989333333333333
0.561114439784302,0.9989333333333333
0.5611564676803236,0.9989333333333333
0.5611985018726592,0.9989333333333333
0.5612405423627238,0.9989333333333333
0.5612825891519329,0.9989333333333333
0.5613246422417023,0.9989333333333333
0.5613667016334483,0.9989333333333333
0.5614087673285875,0.9989333333333333
0.5614508393285371,0.9989333333333333
0.5614929176347149,0.9989333333333333
0.5615350022485385,0.9989333333333333
0.5615770931714265,0.9989333333333333
0.5616191904047976,0.9989333333333333
0.5616612939500712,0.9989333333333333
0.561703403808667,0.9989333333333333
0.561745519982005,0.9989333333333333
0.5617876424715057,0.9989333333333333
0.5618297712785901,0.9989333333333333
0.5618719064046798,0.9989333333333333
0.5619140478511963,0.9989333333333333
0.561956195619562,0.9989333333333333
0.5619983497111994,0.9989333333333333
0.5620405101275319,0.9989333333333333
0.5620826768699827,0.9989333333333333
0.562124849939976,0.9989333333333333
0.562167029338936,0.9989333333333333
0.5622092150682876,0.9989333333333333
0.5622514071294559,0.9989333333333333
0.5622936055238668,0.9989333333333333
0.562335810252946,0.9989333333333333
0.5623780213181204,0.9989333333333333
0.5624202387208167,0.9989333333333333
0.5624624624624625,0.9989333333333333
0.5625046925444853,0.9989333333333333
0.5625469289683136,0.9989333333333333
0.5625891717353758,0.9989333333333333
0.5626314208471013,0.9989333333333333
0.5626736763049193,0.9989333333333333
0.5627159381102599,0.9989333333333333
0.5627582062645534,0.9989333333333333
0.5628004807692307,0.9989333333333333
0.5628427616257231,0.9989333333333333
0.5628850488354621,0.9989333333333333
0.5629273423998797,0.9989333333333333
0.5629696423204088,0.9989333333333333
0.563011948598482,0.9989333333333333
0.5630542612355328,0.9989333333333333
0.5630965802329951,0.9989333333333333
0.5631389055923031,0.9989333333333333
0.5631812373148913,0.9989333333333333
0.5632235754021951,0.9989333333333333
0.56326591985565,0.9989333333333333
0.5633082706766918,0.9989333333333333
0.5633506278667569,0.9989333333333333
0.5633929914272823,0.9989333333333333
0.5634353613597052,0.9989333333333333
0.5634777376654633,0.9989333333333333
0.5635201203459947,0.9989333333333333
0.5635625094027381,0.9989333333333333
0.5636049048371323,0.9989333333333333
0.5636473066506169,0.9989333333333333
0.5636897148446317,0.9989333333333333
0.563732129420617,0.9989333333333333
0.5637745503800136,0.9989333333333333
0.5638169777242625,0.9989333333333333
0.5638594114548054,0.9989333333333333
0.5639018515730845,0.9989333333333333
0.5639442980805419,0.9989333333333333
0.5639867509786209,0.9989333333333333
0.5640292102687646,0.9989333333333333
0.5640716759524168,0.9989333333333333
0.5641141480310218,0.9989333333333333
0.564156626506024,0.9989333333333333
0.5641991113788689,0.9989333333333333
0.5642416026510017,0.9989333333333333
0.5642841003238683,0.9989333333333333
0.5643266043989154,0.9989333333333333
0.5643691148775895,0.9989333333333333
0.5644116317613379,0.9989333333333333
0.5644541550516086,0.9989333333333333
0.5644966847498493,0.9989333333333333
0.5645392208575088,0.9989333333333333
0.5645817633760362,0.9989333333333333
0.5646243123068807,0.9989333333333333
0.5646668676514923,0.9989333333333333
0.5647094294113213,0.9989333333333333
0.5647519975878185,0.9989333333333333
0.564794572182435,0.9989333333333333
0.5648371531966224,0.9989333333333333
0.5648797406318329,0.9989333333333333
0.5649223344895189,0.9989333333333333
0.5649649347711334,0.9989333333333333
0.5650075414781297,0.9989333333333333
0.5650501546119617,0.9989333333333333
0.5650927741740835,0.9989333333333333
0.5651354001659501,0.9989333333333333
0.5651780325890163,0.9989333333333333
0.5652206714447379,0.9989333333333333
0.5652633167345706,0.9989333333333333
0.5653059684599713,0.9989333333333333
0.5653486266223966,0.9989333333333333
0.5653912912233039,0.9989333333333333
0.565433962264151,0.9989333333333333
0.565476639746396,0.9989333333333333
0.5655193236714976,0.9989333333333333
0.5655620140409149,0.9989333333333333
0.5656047108561075,0.9989333333333333
0.5656474141185353,0.9989333333333333
0.5656901238296587,0.9989333333333333
0.5657328399909386,0.9989333333333333
0.5657755626038363,0.9989333333333333
0.5658182916698135,0.9989333333333333
0.5658610271903324,0.9989333333333333
0.5659037691668555,0.9989333333333333
0.565946517600846,0.9989333333333333
0.5659892724937675,0.9989333333333333
0.5660320338470837,0.9989333333333333
0.5660748016622592,0.9989333333333333
0.5661175759407586,0.9989333333333333
0.5661603566840474,0.9989333333333333
0.5662031438935913,0.9989333333333333
0.5662459375708563,0.9989333333333333
0.5662887377173091,0.9989333333333333
0.5663315443344168,0.9989333333333333
0.5663743574236468,0.9989333333333333
0.5664171769864671,0.9989333333333333
0.566460003024346,0.9989333333333333
0.5665028355387524,0.9989333333333333
0.5665456745311555,0.9989333333333333
0.5665885200030251,0.9989333333333333
0.5666313719558312,0.9989333333333333
0.5666742303910446,0.9989333333333333
0.5667170953101361,0.9989333333333333
0.5667599667145775,0.9989333333333333
0.5668028446058405,0.9989333333333333
0.5668457289853976,0.9989333333333333
0.5668886198547215,0.9989333333333333
0.5669315172152857,0.9989333333333333
0.5669744210685637,0.9989333333333333
0.5670173314160296,0.9989333333333333
0.5670602482591584,0.9989333333333333
0.5671031715994247,0.9989333333333333
0.5671461014383044,0.9989333333333333
0.567189037777273,0.9989333333333333
0.5672319806178074,0.9989333333333333
0.5672749299613841,0.9989333333333333
0.5673178858094805,0.9989333333333333
0.5673608481635743,0.9989333333333333
0.5674038170251439,0.9989333333333333
0.5674467923956676,0.9989333333333333
0.5674897742766247,0.9989333333333333
0.5675327626694947,0.9989333333333333
0.5675757575757576,0.9989333333333333
0.5676187589968937,0.9989333333333333
0.567661766934384,0.9989333333333333
0.5677047813897098,0.9989333333333333
0.5677478023643528,0.9989333333333333
0.5677908298597953,0.9989333333333333
0.5678338638775201,0.9989333333333333
0.5678769044190101,0.9989333333333333
0.5679199514857489,0.9989333333333333
0.5679630050792207,0.9989333333333333
0.5680060652009098,0.9989333333333333
0.5680491318523012,0.9989333333333333
0.5680922050348802,0.9989333333333333
0.5681352847501328,0.9989333333333333
0.5681783709995449,0.9989333333333333
0.5682214637846037,0.9989333333333333
0.5682645631067961,0.9989333333333333
0.5683076689676098,0.9989333333333333
0.5683507813685329,0.9989333333333333
0.5683939003110537,0.9989333333333333
0.5684370257966616,0.9989333333333333
0.5684801578268457,0.9989333333333333
0.5685232964030961,0.9989333333333333
0.5685664415269029,0.9989333333333333
0.5686095931997571,0.9989333333333333
0.5686527514231499,0.9989333333333333
0.568695916198573,0.9989333333333333
0.5687390875275184,0.9989333333333333
0.5687822654114789,0.9989333333333333
0.5688254498519475,0.9989333333333333
0.5688686408504177,0.9989333333333333
0.5689118384083833,0.9989333333333333
0.568955042527339,0.9989333333333333
0.5689982532087795,0.9989333333333333
0.5690414704542002,0.9989333333333333
0.5690846942650969,0.9989333333333333
0.5691279246429657,0.9989333333333333
0.5691711615893034,0.9989333333333333
0.5692144051056071,0.9989333333333333
0.5692576551933743,0.9989333333333333
0.5693009118541034,0.9989333333333333
0.5693441750892925,0.9989333333333333
0.5693874449004408,0.9989333333333333
0.5694307212890477,0.9989333333333333
0.569474004256613,0.9989333333333333
0.569517293804637,0.9989333333333333
0.5695605899346207,0.9989333333333333
0.5696038926480651,0.9989333333333333
0.569647201946472,0.9989333333333333
0.5696905178313436,0.9989333333333333
0.5697338403041825,0.9989333333333333
0.5697771693664917,0.9989333333333333
0.5698205050197749,0.9989333333333333
0.5698638472655359,0.9989333333333333
0.5699071961052792,0.9989333333333333
0.5699505515405097,0.9989333333333333
0.5699939135727328,0.9989333333333333
0.5700372822034543,0.9989333333333333
0.5700806574341805,0.9989333333333333
0.5701240392664181,0.9989333333333333
0.5701674277016743,0.9989333333333333
0.5702108227414567,0.9989333333333333
0.5702542243872736,0.9989333333333333
0.5702976326406334,0.9989333333333333
0.570341047503045,0.9989333333333333
0.5703844689760182,0.9989333333333333
0.5704278970610629,0.9989333333333333
0.5704713317596893,0.9989333333333333
0.5705147730734085,0.9989333333333333
0.5705582210037317,0.9989333333333333
0.5706016755521706,0.9989333333333333
0.5706451367202376,0.9989333333333333
0.5706886045094455,0.9989333333333333
0.5707320789213073,0.9989333333333333
0.5707755599573365,0.9989333333333333
0.5708190476190477,0.9989333333333333
0.5708625419079549,0.9989333333333333
0.5709060428255734,0.9989333333333333
0.5709495503734187,0.9989333333333333
0.5709930645530066,0.9989333333333333
0.5710365853658537,0.9989333333333333
0.5710801128134766,0.9989333333333333
0.5711236468973929,0.9989333333333333
0.5711671876191202,0.9989333333333333
0.5712107349801769,0.9989333333333333
0.5712542889820816,0.9989333333333333
0.5712978496263535,0.9989333333333333
0.5713414169145123,0.9989333333333333
0.5713849908480781,0.9989333333333333
0.5714285714285714,0.9989333333333333
0.5714721586575133,0.9989333333333333
0.5715157525364254,0.9989333333333333
0.5715593530668294,0.9989333333333333
0.5716029602502479,0.9989333333333333
0.5716465740882039,0.9989333333333333
0.5716901945822205,0.9989333333333333
0.5717338217338217,0.9989333333333333
0.5717774555445317,0.9989333333333333
0.5718210960158754,0.9989333333333333
0.571864743149378,0.9989333333333333
0.5719083969465649,0.9989333333333333
0.5719520574089625,0.9989333333333333
0.5719957245380974,0.9989333333333333
0.5720393983354967,0.9989333333333333
0.5720830788026878,0.9989333333333333
0.5721267659411989,0.9989333333333333
0.5721704597525584,0.9989333333333333
0.5722141602382953,0.9989333333333333
0.5722578673999389,0.9989333333333333
0.5723015812390192,0.9989333333333333
0.5723453017570664,0.9989333333333333
0.5723890289556116,0.9989333333333333
0.5724327628361858,0.9989333333333333
0.572476503400321,0.9989333333333333
0.5725202506495491,0.9989333333333333
0.5725640045854031,0.9989333333333333
0.572607765209416,0.9989333333333333
0.5726515325231216,0.9989333333333333
0.5726953065280538,0.9989333333333333
0.5727390872257473,0.9989333333333333
0.572782874617737,0.9989333333333333
0.5728266687055585,0.9989333333333333
0.5728704694907478,0.9989333333333333
0.5729142769748413,0.9989333333333333
0.5729580911593759,0.9989333333333333
0.5730019120458891,0.9989333333333333
0.5730457396359186,0.9989333333333333
0.5730895739310028,0.9989333333333333
0.5731334149326806,0.9989333333333333
0.573177262642491,0.9989333333333333
0.573221117061974,0.9989333333333333
0.5732649781926696,0.9989333333333333
0.5733088460361188,0.9989333333333333
0.5733527205938624,0.9989333333333333
0.5733966018674422,0.9989333333333333
0.5734404898584003,0.9989333333333333
0.5734843845682792,0.9989333333333333
0.573528285998622,0.9989333333333333
0.5735721941509723,0.9989333333333333
0.5736161090268739,0.9989333333333333
0.5736600306278714,0.9989333333333333
0.5737039589555096,0.9989333333333333
0.5737478940113341,0.9989333333333333
0.5737918357968905,0.9989333333333333
0.5738357843137255,0.9989333333333333
0.5738797395633857,0.9989333333333333
0.5739237015474185,0.9989333333333333
0.5739676702673715,0.9989333333333333
0.5740116457247931,0.9989333333333333
0.5740556279212321,0.9989333333333333
0.5740996168582375,0.9989333333333333
0.5741436125373592,0.9989333333333333
0.5741876149601471,0.9989333333333333
0.5742316241281521,0.9989333333333333
0.5742756400429251,0.9989333333333333
0.5743196627060176,0.9989333333333333
0.5743636921189819,0.9989333333333333
0.5744077282833704,0.9989333333333333
0.5744517712007361,0.9989333333333333
0.5744958208726325,0.9989333333333333
0.5745398773006135,0.9989333333333333
0.5745839404862336,0.9989333333333333
0.5746280104310477,0.9989333333333333
0.5746720871366112,0.9989333333333333
0.5747161706044799,0.9989333333333333
0.5747602608362102,0.9989333333333333
0.5748043578333589,0.9989333333333333
0.5748484615974833,0.9989333333333333
0.5748925721301412,0.9989333333333333
0.5749366894328908,0.9989333333333333
0.5749808135072909,0.9989333333333333
0.5750249443549006,0.9989333333333333
0.5750690819772797,0.9989333333333333
0.5751132263759884,0.9989333333333333
0.5751573775525871,0.9989333333333333
0.5752015355086373,0.9989333333333333
0.5752457002457002,0.9989333333333333
0.5752898717653383,0.9989333333333333
0.5753340500691138,0.9989333333333333
0.57537823515859,0.9989333333333333
0.5754224270353303,0.9989333333333333
0.5754666257008987,0.9989333333333333
0.5755108311568597,0.9989333333333333
0.5755550434047784,0.9989333333333333
0.5755992624462201,0.9989333333333333
0.5756434882827507,0.9989333333333333
0.5756877209159367,0.9989333333333333
0.575731960347345,0.9989333333333333
0.5757762065785429,0.9989333333333333
0.5758204596110983,0.9989333333333333
0.5758647194465796,0.9989333333333333
0.5759089860865555,0.9989333333333333
0.5759532595325954,0.9989333333333333
0.5759975397862689,0.9989333333333333
0.5760418268491465,0.9989333333333333
0.576086120722799,0.9989333333333333
0.5761304214087973,0.9989333333333333
0.5761747289087134,0.9989333333333333
0.5762190432241193,0.9989333333333333
0.576263364356588,0.9989333333333333
0.5763076923076923,0.9989333333333333
0.5763520270790061,0.9989333333333333
0.5763963686721034,0.9989333333333333
0.5764407170885589,0.9989333333333333
0.5764850723299477,0.9989333333333333
0.5765294343978453,0.9989333333333333
0.5765738032938279,0.9989333333333333
0.576618179019472,0.9989333333333333
0.5766625615763546,0.9989333333333333
0.5767069509660534,0.9989333333333333
0.5767513471901463,0.9989333333333333
0.5767957502502117,0.9989333333333333
0.5768401601478288,0.9989333333333333
0.5768845768845768,0.9989333333333333
0.576929000462036,0.9989333333333333
0.5769734308817867,0.9989333333333333
0.5770178681454098,0.9989333333333333
0.5770623122544867,0.9989333333333333
0.5771067632105993,0.9989333333333333
0.5771512210153301,0.9989333333333333
0.5771956856702619,0.9989333333333333
0.5772401571769782,0.9989333333333333
0.5772846355370628,0.9989333333333333
0.5773291207520999,0.9989333333333333
0.5773736128236745,0.9989333333333333
0.5774181117533719,0.9989333333333333
0.5774626175427778,0.9989333333333333
0.5775071301934788,0.9989333333333333
0.5775516497070614,0.9989333333333333
0.5775961760851129,0.9989333333333333
0.5776407093292213,0.9989333333333333
0.5776852494409747,0.9989333333333333
0.5777297964219618,0.9989333333333333
0.5777743502737719,0.9989333333333333
0.5778189109979948,0.9989333333333333
0.5778634785962206,0.9989333333333333
0.5779080530700401,0.9989333333333333
0.5779526344210445,0.9989333333333333
0.5779972226508255,0.9989333333333333
0.5780418177609752,0.9989333333333333
0.5780864197530864,0.9989333333333333
0.5781310286287522,0.9989333333333333
0.5781756443895663,0.9989333333333333
0.5782202670371228,0.9989333333333333
0.5782648965730164,0.9989333333333333
0.5783095329988421,0.9989333333333333
0.5783541763161958,0.9989333333333333
0.5783988265266734,0.9989333333333333
0.5784434836318715,0.9989333333333333
0.5784881476333874,0.9989333333333333
0.5785328185328186,0.9989333333333333
0.578577496331763,0.9989333333333333
0.5786221810318196,0.9989333333333333
0.5786668726345872,0.9989333333333333
0.5787115711416654,0.9989333333333333
0.5787562765546543,0.9989333333333333
0.5788009888751545,0.9989333333333333
0.5788457081047671,0.9989333333333333
0.5788904342450935,0.9989333333333333
0.5789351672977359,0.9989333333333333
0.5789799072642967,0.9989333333333333
0.5790246541463792,0.9989333333333333
0.5790694079455866,0.9989333333333333
0.5791141686635233,0.9989333333333333
0.5791589363017935,0.9989333333333333
0.5792037108620023,0.9989333333333333
0.5792484923457554,0.9989333333333333
0.5792932807546586,0.9989333333333333
0.5793380760903186,0.9989333333333333
0.5793828783543423,0.9989333333333333
0.5794276875483372,0.9989333333333333
0.5794725036739113,0.9989333333333333
0.5795173267326733,0.9989333333333333
0.5795621567262319,0.9989333333333333
0.5796069936561968,0.9989333333333333
0.5796518375241779,0.9989333333333333
0.5796966883317858,0.9989333333333333
0.5797415460806314,0.9989333333333333
0.5797864107723263,0.9989333333333333
0.5798312824084824,0.9989333333333333
0.579876160990712,0.9989333333333333
0.5799210465206285,0.9989333333333333
0.5799659389998452,0.9989333333333333
0.580010838429976,0.9989333333333333
0.5800557448126354,0.9989333333333333
0.5801006581494387,0.9989333333333333
0.5801455784420009,0.9989333333333333
0.5801905056919383,0.9989333333333333
0.5802354399008675,0.9989333333333333
0.580280381070405,0.9989333333333333
0.5803253292021688,0.9989333333333333
0.5803702842977767,0.9989333333333333
0.5804152463588472,0.9989333333333333
0.5804602153869993,0.9989333333333333
0.5805051913838525,0.9989333333333333
0.5805501743510267,0.9989333333333333
0.5805951642901426,0.9989333333333333
0.580640161202821,0.9989333333333333
0.5806851650906836,0.9989333333333333
0.5807301759553523,0.9989333333333333
0.5807751937984497,0.9989333333333333
0.5808202186215986,0.9989333333333333
0.5808652504264227,0.9989333333333333
0.580910289214546,0.9989333333333333
0.580955334987593,0.9989333333333333
0.5810003877471889,0.9989333333333333
0.5810454474949589,0.9989333333333333
0.5810905142325293,0.9989333333333333
0.5811355879615265,0.9989333333333333
0.5811806686835777,0.9989333333333333
0.5812257564003103,0.9989333333333333
0.5812708511133524,0.9989333333333333
0.5813159528243327,0.9989333333333333
0.5813610615348801,0.9989333333333333
0.5814061772466242,0.9989333333333333
0.5814512999611952,0.9989333333333333
0.5814964296802235,0.9989333333333333
0.5815415664053404,0.9989333333333333
0.5815867101381773,0.9989333333333333
0.5816318608803664,0.9989333333333333
0.5816770186335404,0.9989333333333333
0.5817221833993322,0.9989333333333333
0.5817673551793757,0.9989333333333333
0.5818125339753049,0.9989333333333333
0.5818577197887542,0.9989333333333333
0.5819029126213592,0.9989333333333333
0.5819481124747553,0.9989333333333333
0.5819933193505787,0.9989333333333333
0.5820385332504662,0.9989333333333333
0.5820837541760547,0.9989333333333333
0.5821289821289821,0.9989333333333333
0.5821742171108866,0.9989333333333333
0.5822194591234069,0.9989333333333333
0.5822647081681822,0.9989333333333333
0.5823099642468522,0.9989333333333333
0.5823552273610572,0.9989333333333333
0.5824004975124378,0.9989333333333333
0.5824457747026355,0.9989333333333333
0.5824910589332919,0.9989333333333333
0.5825363502060493,0.9989333333333333
0.5825816485225506,0.9989333333333333
0.582626953884439,0.9989333333333333
0.5826722662933582,0.9989333333333333
0.5827175857509528,0.9989333333333333
0.5827629122588674,0.9989333333333333
0.5828082458187476,0.9989333333333333
0.582853586432239,0.9989333333333333
0.5828989341009881,0.9989333333333333
0.5829442888266417,0.9989333333333333
0.5829896506108474,0.9989333333333333
0.5830350194552529,0.9989333333333333
0.5830803953615067,0.9989333333333333
0.5831257783312578,0.9989333333333333
0.5831711683661556,0.9989333333333333
0.58321656546785,0.9989333333333333
0.5832619696379915,0.9989333333333333
0.5833073808782311,0.9989333333333333
0.5833527991902203,0.9989333333333333
0.5833982245756113,0.9989333333333333
0.5834436570360564,0.9989333333333333
0.5834890965732087,0.9989333333333333
0.5835345431887219,0.9989333333333333
0.5835799968842499,0.9989333333333333
0.5836254576614474,0.9989333333333333
0.5836709255219694,0.9989333333333333
0.5837164004674718,0.9989333333333333
0.5837618824996104,0.9989333333333333
0.583807371620042,0.9989333333333333
0.5838528678304239,0.9989333333333333
0.5838983711324137,0.9989333333333333
0.5839438815276695,0.9989333333333333
0.5839893990178502,0.9989333333333333
0.584034923604615,0.9989333333333333
0.5840804552896235,0.9989333333333333
0.5841259940745361,0.9989333333333333
0.5841715399610137,0.9989333333333333
0.5842170929507174,0.9989333333333333
0.5842626530453092,0.9989333333333333
0.5843082202464515,0.9989333333333333
0.5843537945558068,0.9989333333333333
0.584399375975039,0.9989333333333333
0.5844449645058117,0.9989333333333333
0.5844905601497894,0.9989333333333333
0.584536162908637,0.9989333333333333
0.58458177278402,0.9989333333333333
0.5846273897776044,0.9989333333333333
0.5846730138910566,0.9989333333333333
0.5847186451260439,0.9989333333333333
0.5847642834842335,0.9989333333333333
0.5848099289672938,0.9989333333333333
0.5848555815768931,0.9989333333333333
0.5849012413147006,0.9989333333333333
0.584946908182386,0.9989333333333333
0.5849925821816194,0.9989333333333333
0.5850382633140715,0.9989333333333333
0.5850839515814135,0.9989333333333333
0.5851296469853171,0.9989333333333333
0.5851753495274545,0.9989333333333333
0.5852210592094985,0.9989333333333333
0.5852667760331224,0.9989333333333333
0.5853125,0.9989333333333333
0.5853582311118056,0.9989333333333333
0.5854039693702141,0.9989333333333333
0.5854497147769009,0.9989333333333333
0.5854954673335417,0.9989333333333333
0.5855412270418132,0.9989333333333333
0.5855869939033922,0.9989333333333333
0.5856327679199562,0.9989333333333333
0.5856785490931833,0.9989333333333333
0.5857243374247518,0.9989333333333333
0.585770132916341,0.9989333333333333
0.5858159355696302,0.9989333333333333
0.5858617453862996,0.9989333333333333
0.58590756236803,0.9989333333333333
0.5859533865165024,0.9989333333333333
0.5859992178333985,0.9989333333333333
0.5860450563204005,0.9989333333333333
0.5860909019791911,0.9989333333333333
0.5861367548114536,0.9989333333333333
0.5861826148188718,0.9989333333333333
0.5862284820031299,0.9989333333333333
0.5862743563659129,0.9989333333333333
0.586320237908906,0.9989333333333333
0.5863661266337951,0.9989333333333333
0.5864120225422668,0.9989333333333333
0.5864579256360078,0.9989333333333333
0.5865038359167059,0.9989333333333333
0.5865497533860486,0.9989333333333333
0.586595678045725,0.9989333333333333
0.5866416098974239,0.9989333333333333
0.5866875489428348,0.9989333333333333
0.5867334951836479,0.9989333333333333
0.5867794486215538,0.9989333333333333
0.5868254092582439,0.9989333333333333
0.5868713770954097,0.9989333333333333
0.5869173521347434,0.9989333333333333
0.5869633343779379,0.9989333333333333
0.5870093238266865,0.9989333333333333
0.5870553204826829,0.9989333333333333
0.5871013243476216,0.9989333333333333
0.5871473354231975,0.9989333333333333
0.5871933537111059,0.9989333333333333
0.5872393792130428,0.9989333333333333
0.5872854119307047,0.9989333333333333
0.5873314518657886,0.9989333333333333
0.5873774990199921,0.9989333333333333
0.5874235533950133,0.9989333333333333
0.5874696149925508,0.9989333333333333
0.5875156838143036,0.9989333333333333
0.5875617598619716,0.9989333333333333
0.5876078431372549,0.9989333333333333
0.5876539336418543,0.9989333333333333
0.587700031377471,0.9989333333333333
0.5877461363458069,0.9989333333333333
0.5877922485485643,0.9989333333333333
0.587838367987446,0.9989333333333333
0.5878844946641557,0.9989333333333333
0.5879306285803971,0.9989333333333333
0.5879767697378747,0.9989333333333333
0.5880229181382937,0.9989333333333333
0.5880690737833595,0.9989333333333333
0.5881152366747783,0.9989333333333333
0.5881614068142565,0.9989333333333333
0.5882075842035016,0.9989333333333333
0.5882537688442211,0.9989333333333333
0.5882999607381233,0.9989333333333333
0.588346159886917,0.9989333333333333
0.5883923662923113,0.9989333333333333
0.5884385799560163,0.9989333333333333
0.5884848008797423,0.9989333333333333
0.5885310290652003,0.9989333333333333
0.5885772645141016,0.9989333333333333
0.5886235072281584,0.9989333333333333
0.5886697572090831,0.9989333333333333
0.5887160144585887,0.9989333333333333
0.588762278978389,0.9989333333333333
0.588808550770198,0.9989333333333333
0.5888548298357306,0.9989333333333333
0.5889011161767018,0.9989333333333333
0.5889474097948274,0.9989333333333333
0.5889937106918239,0.9989333333333333
0.5890400188694079,0.9989333333333333
0.589086334329297,0.9989333333333333
0.589132657073209,0.9989333333333333
0.5891789871028625,0.9989333333333333
0.5892253244199764,0.9989333333333333
0.5892716690262703,0.9989333333333333
0.5893180209234642,0.9989333333333333
0.5893643801132787,0.9989333333333333
0.5894107465974353,0.9989333333333333
0.5894571203776554,0.9989333333333333
0.5895035014556613,0.9989333333333333
0.5895498898331759,0.9989333333333333
0.5895962855119226,0.9989333333333333
0.5896426884936251,0.9989333333333333
0.5896890987800079,0.9989333333333333
0.589735516372796,0.9989333333333333
0.5897819412737149,0.9989333333333333
0.5898283734844907,0.9989333333333333
0.5898748130068499,0.9989333333333333
0.5899212598425196,0.9989333333333333
0.5899677139932278,0.9989333333333333
0.5900141754607025,0.9989333333333333
0.5900606442466725,0.9989333333333333
0.590107120352867,0.9989333333333333
0.5901536037810161,0.9989333333333333
0.5902000945328502,0.9989333333333333
0.5902465926101,0.9989333333333333
0.5902930980144974,0.9989333333333333
0.590339610747774,0.9989333333333333
0.5903861308116627,0.9989333333333333
0.5904326582078966,0.9989333333333333
0.5904791929382094,0.9989333333333333
0.5905257350043351,0.9989333333333333
0.5905722844080088,0.9989333333333333
0.5906188411509657,0.9989333333333333
0.5907119766616731,0.9989333333333333
0.590758555432897,0.9989333333333333
0.5908051415503509,0.9989333333333333
0.5908517350157728,0.9989333333333333
0.5908983358309015,0.9989333333333333
0.590944943997476,0.9989333333333333
0.5909915595172359,0.9989333333333333
0.5910381823919217,0.9989333333333333
0.5910848126232742,0.9989333333333333
0.5910525485245385,0.9988
0.591099187248481,0.9988
0.5911458333333334,0.9988
0.5911924867808381,0.9988
0.5912391475927388,0.9988
0.5912858157707791,0.9988
0.5913324913167035,0.9988
0.591379174232257,0.9988
0.5914258645191852,0.9988
0.5914725621792342,0.9988
0.5915192672141504,0.9988
0.5915659796256811,0.9988
0.5916126994155742,0.9988
0.5916594265855778,0.9988
0.5917061611374408,0.9988
0.5917529030729125,0.9988
0.5917996523937431,0.9988
0.5918464091016828,0.9988
0.5918931731984829,0.9988
0.591939944685895,0.9988
0.591986723565671,0.9988
0.5920335098395637,0.9988
0.5920803035093266,0.9988
0.5921271045767132,0.9988
0.5921739130434782,0.9988
0.5922207289113764,0.9988
0.5922675521821632,0.9988
0.5923143828575946,0.9988
0.5923612209394274,0.9988
0.5924080664294188,0.9988
0.5924549193293261,0.9988
0.592501779640908,0.9988
0.5925486473659232,0.9988
0.5925955225061308,0.9988
0.5926424050632911,0.9988
0.5926892950391645,0.9988
0.5927361924355119,0.9988
0.5927830972540952,0.9988
0.5928300094966762,0.9988
0.5928769291650178,0.9988
0.5929238562608833,0.9988
0.5929707907860365,0.9988
0.5930177327422419,0.9988
0.5930646821312644,0.9988
0.5931116389548694,0.9988
0.593158603214823,0.9988
0.5932055749128919,0.9988
0.5932525540508434,0.9988
0.5932995406304451,0.9988
0.5933465346534653,0.9988
0.593393536121673,0.9988
0.5934405450368375,0.9988
0.5934875614007289,0.9988
0.5935345852151177,0.9988
0.593581616481775,0.9988
0.5936286552024724,0.9988
0.5936757013789824,0.9988
0.5937227550130776,0.9988
0.5937698161065313,0.9988
0.5938168846611177,0.9988
0.593863960678611,0.9988
0.5939110441607864,0.9988
0.5939581351094196,0.9988
0.5940052335262865,0.9988
0.5940523394131642,0.9988
0.5940994527718296,0.9988
0.5941465736040609,0.9988
0.5941937019116363,0.9988
0.5942408376963351,0.9988
0.5942879809599365,0.9988
0.5943351317042209,0.9988
0.5943822899309689,0.9988
0.5944294556419616,0.9988
0.594476628838981,0.9988
0.5945238095238096,0.9988
0.59457099769823,0.9988
0.594618193364026,0.9988
0.5946653965229817,0.9988
0.5947126071768816,0.9988
0.5947598253275109,0.9988
0.5948070509766555,0.9988
0.5948542841261018,0.9988
0.5949015247776366,0.9988
0.5949487729330474,0.9988
0.5949960285941224,0.9988
0.5950432917626499,0.9988
0.5950905624404195,0.9988
0.5951378406292206,0.9988
0.5951851263308438,0.9988
0.5952324195470798,0.9988
0.5952797202797203,0.9988
0.5953270285305571,0.9988
0.5953743443013829,0.9988
0.595421667593991,0.9988
0.5954689984101749,0.9988
0.5955163367517291,0.9988
0.5955636826204485,0.9988
0.5956110360181284,0.9988
0.5956583969465649,0.9988
0.5957057654075547,0.9988
0.5957531414028948,0.9988
0.5958005249343832,0.9988
0.595847916003818,0.9988
0.5958953146129982,0.9988
0.5959427207637231,0.9988
0.595990134457793,0.9988
0.5960375556970082,0.9988
0.5960849844831702,0.9988
0.5961324208180805,0.9988
0.5961798647035416,0.9988
0.5962273161413563,0.9988
0.596274775133328,0.9988
0.5963222416812609,0.9988
0.5963697157869596,0.9988
0.5964171974522293,0.9988
0.5964646866788758,0.9988
0.5965121834687052,0.9988
0.5965596878235248,0.9988
0.5966071997451418,0.9988
0.5966547192353644,0.9988
0.5967022462960013,0.9988
0.5967497809288617,0.9988
0.5967973231357553,0.9988
0.5968448729184925,0.9988
0.5968924302788845,0.9988
0.5969399952187425,0.9988
0.5969875677398788,0.9988
0.5970351478441062,0.9988
0.5970827355332377,0.9988
0.5971303308090873,0.9988
0.5971779336734694,0.9988
0.597225544128199,0.9988
0.5972731621750917,0.9988
0.5973207878159636,0.9988
0.5973684210526315,0.9988
0.5974160618869129,0.9988
0.5974637103206253,0.9988
0.5975113663555874,0.9988
0.5975590299936184,0.9988
0.5976067012365377,0.9988
0.5976543800861657,0.9988
0.597702066544323,0.9988
0.5977497606128311,0.9988
0.597797462293512,0.9988
0.5978451715881884,0.9988
0.597892888498683,0.9988
0.5979406130268199,0.9988
0.5979883451744232,0.9988
0.598036084943318,0.9988
0.5980838323353294,0.9988
0.5981315873522837,0.9988
0.5981793499960073,0.9988
0.5982271202683277,0.9988
0.5982748981710726,0.9988
0.5983226837060703,0.9988
0.5983704768751498,0.9988
0.5984182776801406,0.9988
0.5984660861228729,0.9988
0.5985139022051774,0.9988
0.5985617259288853,0.9988
0.5986095572958287,0.9988
0.5986573963078399,0.9988
0.5987052429667519,0.9988
0.5987530972743985,0.9988
0.5988009592326139,0.9988
0.5988488288432329,0.9988
0.5988967061080909,0.9988
0.5989445910290238,0.9988
0.5989924836078683,0.9988
0.5990403838464614,0.9988
0.599088291746641,0.9988
0.5991362073102455,0.9988
0.5991841305391138,0.9988
0.5992320614350852,0.9988
0.59928,0.9988
0.5993279462356988,0.9988
0.5993759001440231,0.9988
0.5994238617268144,0.9988
0.5994718309859155,0.9988
0.5995198079231693,0.9988
0.5995677925404194,0.9988
0.5996157848395102,0.9988
0.5996637848222862,0.9988
0.5997117924905933,0.9988
0.599759807846277,0.9988
0.5998078308911843,0.9988
0.5998558616271621,0.9988
0.5999039000560583,0.9988
0.5999519461797213,0.9988
0.6,0.9988
0.600048061518744,0.9988
0.6000961307378034,0.9988
0.600144207659029,0.9988
0.6001922922842721,0.9988
0.6002403846153846,0.9988
0.6002884846542191,0.9988
0.6003365924026286,0.9988
0.6003847078624669,0.9988
0.6004328310355883,0.9988
0.6004809619238477,0.9988
0.6005291005291006,0.9988
0.6005772468532029,0.9988
0.6006254008980115,0.9988
0.6006735626653837,0.9988
0.6007217321571773,0.9988
0.6007699093752507,0.9988
0.6008180943214629,0.9988
0.6008662869976739,0.9988
0.6009144874057436,0.9988
0.6009626955475331,0.9988
0.6010109114249037,0.9988
0.6010591350397175,0.9988
0.6011073663938372,0.9988
0.601155605489126,0.9988
0.6012038523274479,0.9988
0.601252106910667,0.9988
0.6013003692406486,0.9988
0.6013486393192582,0.9988
0.6013969171483622,0.9988
0.6014452027298274,0.9988
0.6014934960655212,0.9988
0.6015417971573115,0.9988
0.6015901060070671,0.9988
0.6016384226166573,0.9988
0.6016867469879518,0.9988
0.6017350791228211,0.9988
0.6017834190231363,0.9988
0.6018317666907689,0.9988
0.6018801221275912,0.9988
0.601928485335476,0.9988
0.601976856316297,0.9988
0.602025235071928,0.9988
0.6020736216042437,0.9988
0.6021220159151194,0.9988
0.6021704180064309,0.9988
0.6022188278800547,0.9988
0.6022672455378678,0.9988
0.602315670981748,0.9988
0.6023641042135734,0.9988
0.6024125452352231,0.9988
0.6024609940485764,0.9988
0.6025094506555135,0.9988
0.602557915057915,0.9988
0.6026063872576622,0.9988
0.6026548672566372,0.9988
0.6027033550567222,0.9988
0.6027518506598004,0.9988
0.6028003540677557,0.9988
0.6028488652824723,0.9988
0.6028973843058351,0.9988
0.6029459111397295,0.9988
0.602994445786042,0.9988
0.6030429882466591,0.9988
0.6030915385234683,0.9988
0.6031400966183574,0.9988
0.6031886625332152,0.9988
0.6032372362699308,0.9988
0.6032858178303938,0.9988
0.6033344072164949,0.9988
0.6033830044301248,0.9988
0.6034316094731754,0.9988
0.6034802223475388,0.9988
0.603528843055108,0.9988
0.6035774715977762,0.9988
0.6036261079774375,0.9988
0.6036747521959868,0.9988
0.6037234042553191,0.9988
0.6037720641573305,0.9988
0.6038207319039175,0.9988
0.603869407496977,0.9988
0.603918090938407,0.9988
0.6039667822301056,0.9988
0.604015481373972,0.9988
0.6040641883719055,0.9988
0.6041129032258065,0.9988
0.6041616259375756,0.9988
0.6042103565091144,0.9988
0.6042590949423248,0.9988
0.6043078412391094,0.9988
0.6043565954013715,0.9988
0.604405357431015,0.9988
0.6044541273299443,0.9988
0.6045029051000645,0.9988
0.6045516907432814,0.9988
0.6046004842615013,0.9988
0.6046492856566309,0.9988
0.604698094930578,0.9988
0.6047469120852507,0.9988
0.6047957371225577,0.9988
0.6048445700444086,0.9988
0.6048934108527132,0.9988
0.6049422595493822,0.9988
0.604991116136327,0.9988
0.6050399806154592,0.9988
0.6050888529886914,0.9988
0.6051377332579368,0.9988
0.605186621425109,0.9988
0.6052355174921225,0.9988
0.605284421460892,0.9988
0.6053333333333333,0.9988
0.6053822531113625,0.9988
0.6054311807968965,0.9988
0.6054801163918526,0.9988
0.6055290598981489,0.9988
0.6055780113177042,0.9988
0.6056269706524375,0.9988
0.6056759379042691,0.9988
0.6057249130751192,0.9988
0.6057738961669092,0.9988
0.6058228871815609,0.9988
0.6058718861209964,0.9988
0.605920892987139,0.9988
0.6059699077819123,0.9988
0.6060189305072405,0.9988
0.6060679611650486,0.9988
0.606116999757262,0.9988
0.6061660462858067,0.9988
0.6062151007526099,0.9988
0.6062641631595985,0.9988
0.6063132335087009,0.9988
0.6063623118018455,0.9988
0.6064113980409617,0.9988
0.6064604922279793,0.9988
0.6065095943648288,0.9988
0.6065587044534413,0.9988
0.6066078224957486,0.9988
0.6066569484936832,0.9988
0.6067060824491779,0.9988
0.6067552243641665,0.9988
0.6068043742405832,0.9988
0.606853532080363,0.9988
0.6069026978854412,0.9988
0.606951871657754,0.9988
0.6070010533992383,0.9988
0.6070502431118314,0.9988
0.6070994407974715,0.9988
0.607148646458097,0.9988
0.6071978600956472,0.9988
0.6072470817120622,0.9988
0.6072963113092825,0.9988
0.6073455488892492,0.9988
0.6073947944539042,0.9988
0.6074440480051897,0.9988
0.6074933095450491,0.9988
0.6075425790754257,0.9988
0.6075918565982642,0.9988
0.6076411421155095,0.9988
0.6076904356291069,0.9988
0.6077397371410027,0.9988
0.607789046653144,0.9988
0.607838364167478,0.9988
0.6078876896859531,0.9988
0.6079370232105178,0.9988
0.6079863647431215,0.9988
0.6080357142857142,0.9988
0.6080850718402467,0.9988
0.6081344374086702,0.9988
0.6081838109929366,0.9988
0.6082331925949984,0.9988
0.6082825822168088,0.9988
0.6083319798603216,0.9988
0.6083813855274912,0.9988
0.6084307992202729,0.9988
0.6084802209406223,0.9988
0.6085296506904956,0.9988
0.6085790884718498,0.9988
0.6086285342866429,0.9988
0.6086779881368327,0.9988
0.6087274500243783,0.9988
0.6087769199512393,0.9988
0.6088263979193758,0.9988
0.6088758839307487,0.9988
0.6089253779873192,0.9988
0.6089748800910495,0.9988
0.6090243902439024,0.9988
0.6090739084478413,0.9988
0.6091234347048301,0.9988
0.6091729690168334,0.9988
0.6092225113858165,0.9988
0.6092720618137454,0.9988
0.6093216203025866,0.9988
0.6093711868543074,0.9988
0.6094207614708753,0.9988
0.6094703441542593,0.9988
0.609519934906428,0.9988
0.6095695337293514,0.9988
0.609619140625,0.9988
0.6096687555953447,0.9988
0.6097183786423571,0.9988
0.6097680097680098,0.9988
0.6098176489742755,0.9988
0.6098672962631279,0.9988
0.6099169516365412,0.9988
0.6099666150964905,0.9988
0.6100162866449511,0.9988
0.6100659662838993,0.9988
0.610115654015312,0.9988
0.6101653498411664,0.9988
0.6102150537634409,0.9988
0.610264765784114,0.9988
0.6103144859051653,0.9988
0.6103642141285749,0.9988
0.6104139504563233,0.9988
0.610463694890392,0.9988
0.6105134474327628,0.9988
0.6105632080854185,0.9988
0.6106129768503423,0.9988
0.6106627537295182,0.9988
0.6107125387249307,0.9988
0.610762331838565,0.9988
0.610812133072407,0.9988
0.6108619424284433,0.9988
0.6109117599086609,0.9988
0.6109615855150478,0.9988
0.6110114192495921,0.9988
0.6110612611142834,0.9988
0.6111111111111112,0.9988
0.6111609692420658,0.9988
0.6112108355091384,0.9988
0.6112607099143207,0.9988
0.6113105924596051,0.9988
0.6113604831469844,0.9988
0.6114103819784525,0.9988
0.6114602889560036,0.9988
0.6115102040816327,0.9988
0.6115601273573353,0.9988
0.6116100587851078,0.9988
0.611659998366947,0.9988
0.6117099461048505,0.9988
0.6117599020008166,0.9988
0.6118098660568442,0.9988
0.6118598382749326,0.9988
0.6119098186570822,0.9988
0.6119598072052936,0.9988
0.6120098039215687,0.9988
0.6120598088079091,0.9988
0.612109821866318,0.9988
0.6121598430987987,0.9988
0.6122098725073554,0.9988
0.6122599100939926,0.9988
0.612309955860716,0.9988
0.6123600098095316,0.9988
0.612410071942446,0.9988
0.6124601422614667,0.9988
0.6125102207686018,0.9988
0.6125603074658599,0.9988
0.6126104023552502,0.9988
0.612660505438783,0.9988
0.6127106167184688,0.9988
0.612760736196319,0.9988
0.6128108638743456,0.9988
0.6128609997545611,0.9988
0.6129111438389789,0.9988
0.6129612961296129,0.9988
0.6130114566284779,0.9988
0.613061625337589,0.9988
0.6131118022589622,0.9988
0.613161987394614,0.9988
0.6132121807465619,0.9988
0.6132623823168236,0.9988
0.6133125921074177,0.9988
0.6133628101203635,0.9988
0.613413036357681,0.9988
0.6134632708213905,0.9988
0.6135135135135135,0.9988
0.6135637644360717,0.9988
0.6136140235910879,0.9988
0.613664290980585,0.9988
0.613714566606587,0.9988
0.6137648504711184,0.9988
0.6138151425762045,0.9988
0.6138654429238711,0.9988
0.6139157515161449,0.9988
0.6139660683550529,0.9988
0.6140163934426229,0.9988
0.6140667267808837,0.9988
0.6141170683718642,0.9988
0.6141674182175945,0.9988
0.614217776320105,0.9988
0.6142681426814268,0.9988
0.6143185173035919,0.9988
0.6143689001886328,0.9988
0.6144192913385826,0.9988
0.6144696907554753,0.9988
0.6145200984413454,0.9988
0.614570514398228,0.9988
0.6146209386281588,0.9988
0.6146713711331747,0.9988
0.6147218119153126,0.9988
0.6147722609766106,0.9988
0.6148227183191071,0.9988
0.6148731839448411,0.9988
0.6149236578558529,0.9988
0.6149741400541827,0.9988
0.615024630541872,0.9988
0.6150751293209623,0.9988
0.6151256363934965,0.9988
0.6151761517615176,0.9988
0.6152266754270697,0.9988
0.6152772073921972,0.9988
0.6153277476589453,0.9988
0.61537829622936,0.9988
0.615428853105488,0.9988
0.6154794182893764,0.9988
0.6155299917830731,0.9988
0.6155805735886268,0.9988
0.6156311637080868,0.9988
0.6156817621435029,0.9988
0.6157323688969258,0.9988
0.6157829839704069,0.9988
0.615833607365998,0.9988
0.6158842390857519,0.9988
0.6159348791317217,0.9988
0.6159855275059617,0.9988
0.6160361842105263,0.9988
0.616086849247471,0.9988
0.6161375226188518,0.9988
0.6161882043267254,0.9988
0.616238894373149,0.9988
0.616289592760181,0.9988
0.6163402994898799,0.9988
0.6163910145643051,0.9988
0.6164417379855168,0.9988
0.6164924697555757,0.9988
0.6165432098765432,0.9988
0.6165939583504815,0.9988
0.6166447151794534,0.9988
0.6166954803655224,0.9988
0.6167462539107526,0.9988
0.6167970358172087,0.9988
0.6168478260869565,0.9988
0.6168986247220621,0.9988
0.6169494317245924,0.9988
0.6170002470966148,0.9988
0.6170510708401977,0.9988
0.61710190295741,0.9988
0.6171527434503213,0.9988
0.6172035923210019,0.9988
0.6172544495715228,0.9988
0.6173053152039555,0.9988
0.6173561892203725,0.9988
0.6174070716228468,0.9988
0.6174579624134521,0.9988
0.6175088615942627,0.9988
0.6175597691673537,0.9988
0.6176106851348009,0.9988
0.6176616094986808,0.9988
0.6177125422610703,0.9988
0.6177634834240475,0.9988
0.6178144329896907,0.9988
0.6178653909600792,0.9988
0.6179163573372928,0.9988
0.6179673321234119,0.9988
0.6180183153205181,0.9988
0.6180693069306931,0.9988
0.6181203069560195,0.9988
0.6181713153985806,0.9988
0.6182223322604605,0.9988
0.6182733575437438,0.9988
0.6183243912505159,0.9988
0.6183754333828628,0.9988
0.6184264839428713,0.9988
0.6184775429326288,0.9988
0.6185286103542235,0.9988
0.618579686209744,0.9988
0.61863077050128,0.9988
0.6186818632309217,0.9988
0.6187329644007599,0.9988
0.6187840740128862,0.9988
0.6188351920693929,0.9988
0.6188863185723728,0.9988
0.6189374535239197,0.9988
0.618988596926128,0.9988
0.6190397487810925,0.9988
0.6190909090909091,0.9988
0.6191420778576742,0.9988
0.6191932550834849,0.9988
0.6192444407704389,0.9988
0.6192956349206349,0.9988
0.6193468375361719,0.9988
0.61939804861915,0.9988
0.6194492681716696,0.9988
0.6195004961958319,0.9988
0.6195517326937392,0.9988
0.6196029776674938,0.9988
0.6196542311191993,0.9988
0.6197054930509597,0.9988
0.6197567634648796,0.9988
0.6198080423630647,0.9988
0.619859329747621,0.9988
0.6199106256206555,0.9988
0.6199619299842755,0.9988
0.6200132428405893,0.9988
0.620064564191706,0.9988
0.6201158940397351,0.9988
0.620167232386787,0.9988
0.6202185792349727,0.9988
0.6202699345864039,0.9988
0.6203212984431931,0.9988
0.6203726708074534,0.9988
0.6204240516812987,0.9988
0.6204754410668434,0.9988
0.6205268389662028,0.9988
0.6205782453814929,0.9988
0.6206296603148301,0.9988
0.6206810837683321,0.9988
0.6207325157441167,0.9988
0.6207839562443026,0.9988
0.6208354052710094,0.9988
0.6208868628263572,0.9988
0.6209383289124668,0.9988
0.6209898035314598,0.9988
0.6210412866854584,0.9988
0.6210927783765857,0.9988
0.6211442786069652,0.9988
0.6211957873787213,0.9988
0.6212473046939792,0.9988
0.6212988305548643,0.9988
0.6213503649635036,0.9988
0.6214019079220241,0.9988
0.6214534594325535,0.9988
0.6215050194972206,0.9988
0.6215565881181546,0.9988
0.6216081652974856,0.9988
0.6216597510373444,0.9988
0.6217113453398623,0.9988
0.6217629482071713,0.9988
0.6218145596414045,0.9988
0.6218661796446954,0.9988
0.6219178082191781,0.9988
0.6219694453669877,0.9988
0.6220210910902599,0.9988
0.622072745391131,0.9988
0.6221244082717382,0.9988
0.622093023255814,0.9986666666666667
0.6221446964033558,0.9986666666666667
0.622196378135903,0.9986666666666667
0.6222480684555952,0.9986666666666667
0.6222997673645729,0.9986666666666667
0.6223514748649771,0.9986666666666667
0.6224031909589497,0.9986666666666667
0.622454915648633,0.9986666666666667
0.6225066489361702,0.9986666666666667
0.6225583908237055,0.9986666666666667
0.6226101413133832,0.9986666666666667
0.6226619004073489,0.9986666666666667
0.6227136681077486,0.9986666666666667
0.622765444416729,0.9986666666666667
0.6228172293364377,0.9986666666666667
0.6228690228690229,0.9986666666666667
0.6229208250166334,0.9986666666666667
0.6229726357814189,0.9986666666666667
0.6230244551655298,0.9986666666666667
0.6230762831711172,0.9986666666666667
0.6231281198003328,0.9986666666666667
0.623179965055329,0.9986666666666667
0.6232318189382593,0.9986666666666667
0.6232836814512773,0.9986666666666667
0.623335552596538,0.9986666666666667
0.6233874323761964,0.9986666666666667
0.6234393207924088,0.9986666666666667
0.6234912178473321,0.9986666666666667
0.6235431235431236,0.9986666666666667
0.6235950378819416,0.9986666666666667
0.6236469608659451,0.9986666666666667
0.6236988924972937,0.9986666666666667
0.6237508327781479,0.9986666666666667
0.6238027817106688,0.9986666666666667
0.6238547392970182,0.9986666666666667
0.6239067055393586,0.9986666666666667
0.6239586804398534,0.9986666666666667
0.6240106640006665,0.9986666666666667
0.6240626562239626,0.9986666666666667
0.6241146571119074,0.9986666666666667
0.6241666666666666,0.9986666666666667
0.6242186848904075,0.9986666666666667
0.6242707117852976,0.9986666666666667
0.624322747353505,0.9986666666666667
0.6243747915971991,0.9986666666666667
0.6244268445185494,0.9986666666666667
0.6244789061197266,0.9986666666666667
0.6245309764029017,0.9986666666666667
0.6245830553702468,0.9986666666666667
0.6246351430239346,0.9986666666666667
0.6246872393661385,0.9986666666666667
0.6247393443990324,0.9986666666666667
0.6247914581247914,0.9986666666666667
0.6248435805455911,0.9986666666666667
0.6248957116636076,0.9986666666666667
0.624947851481018,0.9986666666666667
0.625,0.9986666666666667
0.6250521572227322,0.9986666666666667
0.6251043231513937,0.9986666666666667
0.6251564977881646,0.9986666666666667
0.6252086811352254,0.9986666666666667
0.6252608731947575,0.9986666666666667
0.6253130739689431,0.9986666666666667
0.6253652834599649,0.9986666666666667
0.6254175016700066,0.9986666666666667
0.6254697286012526,0.9986666666666667
0.6255219642558878,0.9986666666666667
0.6255742086360979,0.9986666666666667
0.6256264617440696,0.9986666666666667
0.6256787235819898,0.9986666666666667
0.6257309941520468,0.9986666666666667
0.6257832734564291,0.9986666666666667
0.6258355614973262,0.9986666666666667
0.6258878582769282,0.9986666666666667
0.625940163797426,0.9986666666666667
0.6259924780610113,0.9986666666666667
0.6260448010698763,0.9986666666666667
0.6260971328262142,0.9986666666666667
0.6261494733322187,0.9986666666666667
0.6262018225900844,0.9986666666666667
0.6262541806020067,0.9986666666666667
0.6263065473701814,0.9986666666666667
0.6263589228968055,0.9986666666666667
0.6264113071840762,0.9986666666666667
0.6264637002341921,0.9986666666666667
0.6265161020493517,0.9986666666666667
0.6265685126317551,0.9986666666666667
0.6266209319836025,0.9986666666666667
0.6266733601070951,0.9986666666666667
0.6267257970044348,0.9986666666666667
0.6267782426778242,0.9986666666666667
0.6268306971294669,0.9986666666666667
0.6268831603615668,0.9986666666666667
0.6269356323763288,0.9986666666666667
0.6269881131759585,0.9986666666666667
0.6270406027626622,0.9986666666666667
0.627093101138647,0.9986666666666667
0.6271456083061208,0.9986666666666667
0.6271981242672919,0.9986666666666667
0.6272506490243698,0.9986666666666667
0.6273031825795645,0.9986666666666667
0.6273557249350867,0.9986666666666667
0.627408276093148,0.9986666666666667
0.6274608360559605,0.9986666666666667
0.6275134048257373,0.9986666666666667
0.6275659824046921,0.9986666666666667
0.6276185687950394,0.9986666666666667
0.6276711639989944,0.9986666666666667
0.627723768018773,0.9986666666666667
0.627776380856592,0.9986666666666667
0.6278290025146689,0.9986666666666667
0.6278816329952217,0.9986666666666667
0.6279342723004695,0.9986666666666667
0.6279869204326318,0.9986666666666667
0.6280395773939292,0.9986666666666667
0.6280922431865829,0.9986666666666667
0.6281449178128145,0.9986666666666667
0.6281976012748469,0.9986666666666667
0.6282502935749036,0.9986666666666667
0.6283029947152085,0.9986666666666667
0.6283557046979866,0.9986666666666667
0.6284084235254636,0.9986666666666667
0.6284611511998658,0.9986666666666667
0.6285138877234203,0.9986666666666667
0.6285666330983551,0.9986666666666667
0.6286193873268988,0.9986666666666667
0.6286721504112809,0.9986666666666667
0.6287249223537312,0.9986666666666667
0.6287777031564808,0.9986666666666667
0.6288304928217614,0.9986666666666667
0.6288832913518052,0.9986666666666667
0.6289360987488454,0.9986666666666667
0.6289889150151159,0.9986666666666667
0.6290417401528513,0.9986666666666667
0.6290945741642869,0.9986666666666667
0.629147417051659,0.9986666666666667
0.6292002688172043,0.9986666666666667
0.6292531294631606,0.9986666666666667
0.6293059989917661,0.9986666666666667
0.6293588774052601,0.9986666666666667
0.6294117647058823,0.9986666666666667
0.6294646608958736,0.9986666666666667
0.6295175659774752,0.9986666666666667
0.6295704799529294,0.9986666666666667
0.6296234028244788,0.9986666666666667
0.6296763345943673,0.9986666666666667
0.6297292752648395,0.9986666666666667
0.6297822248381401,0.9986666666666667
0.6298351833165153,0.9986666666666667
0.6298881507022117,0.9986666666666667
0.6299411269974768,0.9986666666666667
0.6299941122045588,0.9986666666666667
0.6300471063257066,0.9986666666666667
0.6301001093631698,0.9986666666666667
0.6301531213191991,0.9986666666666667
0.6302061421960454,0.9986666666666667
0.6302591719959609,0.9986666666666667
0.6303122107211984,0.9986666666666667
0.6303652583740111,0.9986666666666667
0.6304183149566535,0.9986666666666667
0.6304713804713805,0.9986666666666667
0.6305244549204478,0.9986666666666667
0.6305775383061122,0.9986666666666667
0.6306306306306306,0.9986666666666667
0.6306837318962614,0.9986666666666667
0.6307368421052632,0.9986666666666667
0.6307899612598956,0.9986666666666667
0.630843089362419,0.9986666666666667
0.6308962264150944,0.9986666666666667
0.6309493724201837,0.9986666666666667
0.6310025273799494,0.9986666666666667
0.6310556912966552,0.9986666666666667
0.6311088641725648,0.9986666666666667
0.6311620460099435,0.9986666666666667
0.6312152368110568,0.9986666666666667
0.6312684365781711,0.9986666666666667
0.6313216453135536,0.9986666666666667
0.6313748630194723,0.9986666666666667
0.631428089698196,0.9986666666666667
0.631481325351994,0.9986666666666667
0.6315345699831366,0.9986666666666667
0.631587823593895,0.9986666666666667
0.6316410861865407,0.9986666666666667
0.6316943577633466,0.9986666666666667
0.6317476383265856,0.9986666666666667
0.6318009278785323,0.9986666666666667
0.6318542264214612,0.9986666666666667
0.6319075339576479,0.9986666666666667
0.6319608504893689,0.9986666666666667
0.6320141760189013,0.9986666666666667
0.6320675105485232,0.9986666666666667
0.6321208540805131,0.9986666666666667
0.6321742066171506,0.9986666666666667
0.6322275681607158,0.9986666666666667
0.6322809387134898,0.9986666666666667
0.6323343182777543,0.9986666666666667
0.6323877068557919,0.9986666666666667
0.632441104449886,0.9986666666666667
0.6324945110623206,0.9986666666666667
0.6325479266953804,0.9986666666666667
0.6326013513513513,0.9986666666666667
0.6326547850325196,0.9986666666666667
0.6327082277411725,0.9986666666666667
0.6327616794795978,0.9986666666666667
0.6328151402500845,0.9986666666666667
0.6328686100549218,0.9986666666666667
0.6329220888964002,0.9986666666666667
0.6329755767768106,0.9986666666666667
0.6330290736984449,0.9986666666666667
0.6330825796635956,0.9986666666666667
0.6331360946745562,0.9986666666666667
0.6331896187336208,0.9986666666666667
0.6332431518430842,0.9986666666666667
0.6332966940052422,0.9986666666666667
0.6334038054968287,0.9986666666666667
0.6334573748308525,0.9986666666666667
0.6335109532267614,0.9986666666666667
0.633564540686855,0.9986666666666667
0.6336181372134337,0.9986666666666667
0.6336717428087987,0.9986666666666667
0.6337253574752517,0.9986666666666667
0.6337789812150956,0.9986666666666667
0.6338326140306338,0.9986666666666667
0.6338862559241706,0.9986666666666667
0.633939906898011,0.9986666666666667
0.6339935669544609,0.9986666666666667
0.6340472360958266,0.9986666666666667
0.6341009143244158,0.9986666666666667
0.6341546016425366,0.9986666666666667
0.6342082980524979,0.9986666666666667
0.6342620035566093,0.9986666666666667
0.6343157181571816,0.9986666666666667
0.6343694418565258,0.9986666666666667
0.6344231746569541,0.9986666666666667
0.6344769165607793,0.9986666666666667
0.6345306675703152,0.9986666666666667
0.6345844276878759,0.9986666666666667
0.6346381969157769,0.9986666666666667
0.6346919752563343,0.9986666666666667
0.6347457627118644,0.9986666666666667
0.6347995592846851,0.9986666666666667
0.6348533649771148,0.9986666666666667
0.6349071797914724,0.9986666666666667
0.634961003730078,0.9986666666666667
0.6350148367952523,0.9986666666666667
0.6350686789893166,0.9986666666666667
0.6351225303145934,0.9986666666666667
0.6351763907734057,0.9986666666666667
0.6352302603680774,0.9986666666666667
0.635284139100933,0.9986666666666667
0.6353380269742981,0.9986666666666667
0.6353919239904988,0.9986666666666667
0.6354458301518622,0.9986666666666667
0.6354997454607161,0.9986666666666667
0.6355536699193891,0.9986666666666667
0.6356076035302105,0.9986666666666667
0.6356615462955105,0.9986666666666667
0.6357154982176201,0.9986666666666667
0.6357694592988711,0.9986666666666667
0.6358234295415959,0.9986666666666667
0.635877408948128,0.9986666666666667
0.6359313975208015,0.9986666666666667
0.6359853952619513,0.9986666666666667
0.6360394021739131,0.9986666666666667
0.6360934182590233,0.9986666666666667
0.6361474435196195,0.9986666666666667
0.6362014779580396,0.9986666666666667
0.6362555215766225,0.9986666666666667
0.636309574377708,0.9986666666666667
0.6363636363636364,0.9986666666666667
0.6364177075367491,0.9986666666666667
0.6364717878993882,0.9986666666666667
0.6365258774538964,0.9986666666666667
0.6365799762026177,0.9986666666666667
0.6366340841478964,0.9986666666666667
0.6366882012920775,0.9986666666666667
0.6367423276375075,0.9986666666666667
0.6367964631865329,0.9986666666666667
0.6368506079415016,0.9986666666666667
0.6369047619047619,0.9986666666666667
0.6369589250786631,0.9986666666666667
0.6370130974655553,0.9986666666666667
0.6370672790677894,0.9986666666666667
0.6371214698877169,0.9986666666666667
0.6371756699276904,0.9986666666666667
0.6372298791900629,0.9986666666666667
0.6372840976771889,0.9986666666666667
0.6373383253914228,0.9986666666666667
0.6373925623351204,0.9986666666666667
0.6374468085106383,0.9986666666666667
0.6375010639203337,0.9986666666666667
0.6375553285665645,0.9986666666666667
0.6376096024516897,0.9986666666666667
0.6376638855780691,0.9986666666666667
0.637718177948063,0.9986666666666667
0.6377724795640327,0.9986666666666667
0.6378267904283403,0.9986666666666667
0.6378811105433486,0.9986666666666667
0.6379354399114215,0.9986666666666667
0.6379897785349233,0.9986666666666667
0.6380441264162194,0.9986666666666667
0.638098483557676,0.9986666666666667
0.6381528499616597,0.9986666666666667
0.6382072256305386,0.9986666666666667
0.6382616105666808,0.9986666666666667
0.6383160047724561,0.9986666666666667
0.6383704082502344,0.9986666666666667
0.6384248210023866,0.9986666666666667
0.6384792430312847,0.9986666666666667
0.638533674339301,0.9986666666666667
0.638588114928809,0.9986666666666667
0.6386425648021828,0.9986666666666667
0.6386970239617976,0.9986666666666667
0.638751492410029,0.9986666666666667
0.6388059701492538,0.9986666666666667
0.6388604571818493,0.9986666666666667
0.6389149535101937,0.9986666666666667
0.6389694591366661,0.9986666666666667
0.6390239740636464,0.9986666666666667
0.6390784982935154,0.9986666666666667
0.6391330318286543,0.9986666666666667
0.6391875746714456,0.9986666666666667
0.6392421268242724,0.9986666666666667
0.6392966882895186,0.9986666666666667
0.6393512590695689,0.9986666666666667
0.6394058391668089,0.9986666666666667
0.6394604285836251,0.9986666666666667
0.6395150273224044,0.9986666666666667
0.639569635385535,0.9986666666666667
0.6396242527754057,0.9986666666666667
0.639678879494406,0.9986666666666667
0.6397335155449265,0.9986666666666667
0.6397881609293585,0.9986666666666667
0.6398428156500939,0.9986666666666667
0.6398974797095258,0.9986666666666667
0.6399521531100478,0.9986666666666667
0.6400068358540545,0.9986666666666667
0.6400615279439412,0.9986666666666667
0.6401162293821041,0.9986666666666667
0.6401709401709401,0.9986666666666667
0.6402256603128472,0.9986666666666667
0.640280389810224,0.9986666666666667
0.6403351286654698,0.9986666666666667
0.6403898768809849,0.9986666666666667
0.6404446344591705,0.9986666666666667
0.6404994014024286,0.9986666666666667
0.6405541777131617,0.9986666666666667
0.6406089633937735,0.9986666666666667
0.6406637584466683,0.9986666666666667
0.6407185628742516,0.9986666666666667
0.6407733766789289,0.9986666666666667
0.6408281998631075,0.9986666666666667
0.6408830324291949,0.9986666666666667
0.6409378743795995,0.9986666666666667
0.6409927257167308,0.9986666666666667
0.641047586442999,0.9986666666666667
0.6411024565608149,0.9986666666666667
0.6411573360725903,0.9986666666666667
0.6412122249807379,0.9986666666666667
0.6412671232876712,0.9986666666666667
0.6413220309958044,0.9986666666666667
0.6413769481075526,0.9986666666666667
0.6414318746253318,0.9986666666666667
0.6414868105515588,0.9986666666666667
0.6415417558886509,0.9986666666666667
0.6415967106390269,0.9986666666666667
0.6416516748051058,0.9986666666666667
0.6417066483893078,0.9986666666666667
0.6417616313940536,0.9986666666666667
0.6418166238217652,0.9986666666666667
0.641871625674865,0.9986666666666667
0.6419266369557765,0.9986666666666667
0.6419816576669238,0.9986666666666667
0.6420366878107321,0.9986666666666667
0.642091727389627,0.9986666666666667
0.6422018348623854,0.9986666666666667
0.6422569027611045,0.9986666666666667
0.6423119801046222,0.9986666666666667
0.6423670668953688,0.9986666666666667
0.6424221631357749,0.9986666666666667
0.6424772688282724,0.9986666666666667
0.6425323839752938,0.9986666666666667
0.6425875085792725,0.9986666666666667
0.6426426426426426,0.9986666666666667
0.6426977861678393,0.9986666666666667
0.6427529391572986,0.9986666666666667
0.6428081016134569,0.9986666666666667
0.6428632735387521,0.9986666666666667
0.6429184549356223,0.9986666666666667
0.642973645806507,0.9986666666666667
0.6430288461538461,0.9986666666666667
0.6430840559800807,0.9986666666666667
0.6431392752876525,0.9986666666666667
0.6431945040790039,0.9986666666666667
0.6432497423565785,0.9986666666666667
0.6433049901228206,0.9986666666666667
0.6433602473801753,0.9986666666666667
0.6434155141310884,0.9986666666666667
0.6434707903780069,0.9986666666666667
0.6435260761233783,0.9986666666666667
0.6435813713696511,0.9986666666666667
0.6436366761192748,0.9986666666666667
0.6436919903746993,0.9986666666666667
0.6437473141383756,0.9986666666666667
0.6438026474127557,0.9986666666666667
0.6438579902002922,0.9986666666666667
0.6439133425034388,0.9986666666666667
0.6439687043246496,0.9986666666666667
0.6440240756663801,0.9986666666666667
0.6440794565310861,0.9986666666666667
0.6441348469212246,0.9986666666666667
0.6441902468392534,0.9986666666666667
0.6442456562876312,0.9986666666666667
0.6443010752688172,0.9986666666666667
0.6443565037852719,0.9986666666666667
0.6444119418394563,0.9986666666666667
0.6444673894338324,0.9986666666666667
0.6445228465708631,0.9986666666666667
0.6445783132530121,0.9986666666666667
0.6446337894827437,0.9986666666666667
0.6446892752625236,0.9986666666666667
0.6447447705948179,0.9986666666666667
0.6448002754820936,0.9986666666666667
0.6448557899268188,0.9986666666666667
0.6449113139314621,0.9986666666666667
0.6449668474984931,0.9986666666666667
0.6450223906303824,0.9986666666666667
0.6450779433296012,0.9986666666666667
0.6451335055986219,0.9986666666666667
0.6451890774399173,0.9986666666666667
0.6452446588559614,0.9986666666666667
0.645300249849229,0.9986666666666667
0.6453558504221955,0.9986666666666667
0.6454114605773373,0.9986666666666667
0.6454670803171321,0.9986666666666667
0.6455227096440576,0.9986666666666667
0.645578348560593,0.9986666666666667
0.6456339970692182,0.9986666666666667
0.6456896551724138,0.9986666666666667
0.6457453228726614,0.9986666666666667
0.6458010001724436,0.9986666666666667
0.6458566870742434,0.9986666666666667
0.645912383580545,0.9986666666666667
0.6459680896938336,0.9986666666666667
0.6460238054165948,0.9986666666666667
0.6460795307513154,0.9986666666666667
0.6461352657004831,0.9986666666666667
0.6461910102665861,0.9986666666666667
0.6462467644521139,0.9986666666666667
0.6463025282595565,0.9986666666666667
0.6463583016914048,0.9986666666666667
0.646414084750151,0.9986666666666667
0.6464698774382875,0.9986666666666667
0.6465256797583081,0.9986666666666667
0.6465814917127072,0.9986666666666667
0.64663731330398,0.9986666666666667
0.6466931445346227,0.9986666666666667
0.6467489854071323,0.9986666666666667
0.646804835924007,0.9986666666666667
0.6468606960877451,0.9986666666666667
0.6469165659008465,0.9986666666666667
0.6469724453658116,0.9986666666666667
0.6470283344851416,0.9986666666666667
0.6470842332613391,0.9986666666666667
0.6471401416969068,0.9986666666666667
0.6471960597943489,0.9986666666666667
0.6472519875561701,0.9986666666666667
0.647307924984876,0.9986666666666667
0.6473638720829732,0.9986666666666667
0.6474198288529691,0.9986666666666667
0.6474757952973721,0.9986666666666667
0.6475317714186911,0.9986666666666667
0.6475877572194363,0.9986666666666667
0.6476437527021185,0.9986666666666667
0.6476997578692494,0.9986666666666667
0.6477557727233417,0.9986666666666667
0.6478117972669089,0.9986666666666667
0.6478678315024652,0.9986666666666667
0.6479238754325259,0.9986666666666667
0.6479799290596072,0.9986666666666667
0.648035992386226,0.9986666666666667
0.6480920654149,0.9986666666666667
0.6481481481481481,0.9986666666666667
0.6482042405884898,0.9986666666666667
0.6482603427384456,0.9986666666666667
0.6483164546005367,0.9986666666666667
0.6483725761772853,0.9986666666666667
0.6484287074712146,0.9986666666666667
0.6484848484848484,0.9986666666666667
0.6485409992207117,0.9986666666666667
0.6485971596813301,0.9986666666666667
0.6486533298692301,0.9986666666666667
0.6487095097869392,0.9986666666666667
0.6487656994369857,0.9986666666666667
0.6488218988218988,0.9986666666666667
0.6488781079442086,0.9986666666666667
0.648934326806446,0.9986666666666667
0.6489905554111429,0.9986666666666667
0.6490467937608319,0.9986666666666667
0.6491030418580466,0.9986666666666667
0.6491592997053215,0.9986666666666667
0.649215567305192,0.9986666666666667
0.6492718446601942,0.9986666666666667
0.6493281317728652,0.9986666666666667
0.649384428645743,0.9986666666666667
0.6494407352813665,0.9986666666666667
0.6494970516822755,0.9986666666666667
0.6495533778510103,0.9986666666666667
0.6496097137901128,0.9986666666666667
0.6496660595021251,0.9986666666666667
0.6497224149895906,0.9986666666666667
0.6497787802550533,0.9986666666666667
0.6498351553010585,0.9986666666666667
0.6498915401301518,0.9986666666666667
0.6499479347448802,0.9986666666666667
0.6500043391477913,0.9986666666666667
0.6500607533414338,0.9986666666666667
0.6501171773283569,0.9986666666666667
0.6501736111111112,0.9986666666666667
0.6502300546922476,0.9986666666666667
0.6502865080743184,0.9986666666666667
0.6503429712598767,0.9986666666666667
0.6503994442514762,0.9986666666666667
0.6504559270516718,0.9986666666666667
0.650512419663019,0.9986666666666667
0.6505689220880744,0.9986666666666667
0.6506254343293955,0.9986666666666667
0.6506819563895404,0.9986666666666667
0.6507384882710686,0.9986666666666667
0.6507950299765402,0.9986666666666667
0.6508515815085159,0.9986666666666667
0.6509081428695577,0.9986666666666667
0.6509647140622284,0.9986666666666667
0.6510212950890917,0.9986666666666667
0.6510778859527121,0.9986666666666667
0.6511344866556551,0.9986666666666667
0.6511910972004868,0.9986666666666667
0.6512477175897748,0.9986666666666667
0.6513043478260869,0.9986666666666667
0.6513609879119924,0.9986666666666667
0.6514176378500609,0.9986666666666667
0.6514742976428634,0.9986666666666667
0.6515309672929714,0.9986666666666667
0.6515876468029578,0.9986666666666667
0.6516443361753959,0.9986666666666667
0.65170103541286,0.9986666666666667
0.6517577445179256,0.9986666666666667
0.6518144634931685,0.9986666666666667
0.6518711923411662,0.9986666666666667
0.6519279310644964,0.9986666666666667
0.6519846796657381,0.9986666666666667
0.6520414381474711,0.9986666666666667
0.6520982065122758,0.9986666666666667
0.652154984762734,0.9986666666666667
0.6522117729014281,0.9986666666666667
0.6522685709309414,0.9986666666666667
0.6523253788538582,0.9986666666666667
0.6523821966727636,0.9986666666666667
0.6524390243902439,0.9986666666666667
0.6524958620088858,0.9986666666666667
0.6525527095312772,0.9986666666666667
0.6526095669600069,0.9986666666666667
0.6526664342976647,0.9986666666666667
0.6527233115468409,0.9986666666666667
0.6527801987101273,0.9986666666666667
0.652837095790116,0.9986666666666667
0.6528940027894002,0.9986666666666667
0.6529509197105745,0.9986666666666667
0.6530078465562337,0.9986666666666667
0.6530647833289738,0.9986666666666667
0.6531217300313917,0.9986666666666667
0.6531786866660853,0.9986666666666667
0.6532356532356532,0.9986666666666667
0.6532926297426952,0.9986666666666667
0.6533496161898116,0.9986666666666667
0.653406612579604,0.9986666666666667
0.6534636189146745,0.9986666666666667
0.6535206351976267,0.9986666666666667
0.6535776614310645,0.9986666666666667
0.6536346976175932,0.9986666666666667
0.6536917437598184,0.9986666666666667
0.6537487998603474,0.9986666666666667
0.6538058659217877,0.9986666666666667
0.6538629419467481,0.9986666666666667
0.6539200279378383,0.9986666666666667
0.6539771238976687,0.9986666666666667
0.6540342298288508,0.9986666666666667
0.6540913457339971,0.9986666666666667
0.6541484716157205,0.9986666666666667
0.6542056074766355,0.9986666666666667
0.6542627533193571,0.9986666666666667
0.6543199091465013,0.9986666666666667
0.654377074960685,0.9986666666666667
0.654434250764526,0.9986666666666667
0.6544914365606431,0.9986666666666667
0.6545486323516561,0.9986666666666667
0.6546058381401852,0.9986666666666667
0.6546630539288524,0.9986666666666667
0.6547202797202797,0.9986666666666667
0.6547775155170906,0.9986666666666667
0.6548347613219094,0.9986666666666667
0.6548920171373612,0.9986666666666667
0.654949282966072,0.9986666666666667
0.655006558810669,0.9986666666666667
0.65506384467378,0.9986666666666667
0.6551211405580337,0.9986666666666667
0.6551784464660602,0.9986666666666667
0.6552357624004899,0.9986666666666667
0.6552930883639545,0.9986666666666667
0.6553504243590865,0.9986666666666667
0.6554077703885194,0.9986666666666667
0.6554651264548875,0.9986666666666667
0.6555224925608262,0.9986666666666667
0.6555798687089716,0.9986666666666667
0.6556372549019608,0.9986666666666667
0.655694651142432,0.9986666666666667
0.655752057433024,0.9986666666666667
0.6558094737763769,0.9986666666666667
0.6558669001751314,0.9986666666666667
0.6559243366319293,0.9986666666666667
0.6559817831494132,0.9986666666666667
0.6560392397302268,0.9986666666666667
0.6560967063770147,0.9986666666666667
0.6561541830924222,0.9986666666666667
0.6562116698790958,0.9986666666666667
0.6562691667396828,0.9986666666666667
0.6563266736768314,0.9986666666666667
0.6563841906931908,0.9986666666666667
0.656441717791411,0.9986666666666667
0.6564992549741432,0.9986666666666667
0.6565568022440392,0.9986666666666667
0.656614359603752,0.9986666666666667
0.6566719270559355,0.9986666666666667
0.6567295046032442,0.9986666666666667
0.6567870922483339,0.9986666666666667
0.6568446899938613,0.9986666666666667
0.6569022978424838,0.9986666666666667
0.65695991579686,0.9986666666666667
0.6570175438596492,0.9986666666666667
0.6570751820335117,0.9986666666666667
0.6571328303211089,0.9986666666666667
0.6571904887251031,0.9986666666666667
0.6572481572481572,0.9986666666666667
0.6573058358929355,0.9986666666666667
0.6573635246621029,0.9986666666666667
0.6574212235583253,0.9986666666666667
0.6574789325842697,0.9986666666666667
0.6575366517426038,0.9986666666666667
0.6575943810359964,0.9986666666666667
0.6576521204671174,0.9986666666666667
0.6577098700386371,0.9986666666666667
0.6577676297532273,0.9986666666666667
0.6578253996135605,0.9986666666666667
0.65788317962231,0.9986666666666667
0.6579409697821503,0.9986666666666667
0.6579987700957568,0.9986666666666667
0.6580565805658056,0.9986666666666667
0.6581144011949741,0.9986666666666667
0.6581722319859402,0.9986666666666667
0.6582300729413832,0.9986666666666667
0.6582879240639832,0.9986666666666667
0.6583457853564209,0.9986666666666667
0.6584036568213784,0.9986666666666667
0.6584615384615384,0.9986666666666667
0.658519430279585,0.9986666666666667
0.6585773322782028,0.9986666666666667
0.6586352444600774,0.9986666666666667
0.6586931668278955,0.9986666666666667
0.6587510993843447,0.9986666666666667
0.6588090421321137,0.9986666666666667
0.6588669950738916,0.9986666666666667
0.6589249582123692,0.9986666666666667
0.6589829315502376,0.9986666666666667
0.6590409150901891,0.9986666666666667
0.6590989088349173,0.9986666666666667
0.6591569127871161,0.9986666666666667
0.6592149269494807,0.9986666666666667
0.6592729513247073,0.9986666666666667
0.659330985915493,0.9986666666666667
0.6593890307245356,0.9986666666666667
0.6594470857545343,0.9986666666666667
0.6595051510081887,0.9986666666666667
0.6595632264882001,0.9986666666666667
0.6596213121972699,0.9986666666666667
0.6596794081381011,0.9986666666666667
0.6597375143133973,0.9986666666666667
0.6597956307258633,0.9986666666666667
0.6598537573782045,0.9986666666666667
0.6599118942731278,0.9986666666666667
0.6599700414133404,0.9986666666666667
0.660028198801551,0.9986666666666667
0.6600863664404688,0.9986666666666667
0.6601445443328046,0.9986666666666667
0.6602027324812693,0.9986666666666667
0.6602609308885754,0.9986666666666667
0.6603191395574363,0.9986666666666667
0.660377358490566,0.9986666666666667
0.6604355876906798,0.9986666666666667
0.6604938271604939,0.9986666666666667
0.6605520769027251,0.9986666666666667
0.6606103369200917,0.9986666666666667
0.6606686072153127,0.9986666666666667
0.660726887791108,0.9986666666666667
0.6607851786501985,0.9986666666666667
0.6608434797953061,0.9986666666666667
0.6609017912291538,0.9986666666666667
0.6609601129544652,0.9986666666666667
0.6610184449739652,0.9986666666666667
0.6610767872903796,0.9986666666666667
0.6611351399064348,0.9986666666666667
0.6611935028248588,0.9986666666666667
0.66125187604838,0.9986666666666667
0.6613102595797281,0.9986666666666667
0.6613686534216335,0.9986666666666667
0.661427057576828,0.9986666666666667
0.6614854720480438,0.9986666666666667
0.6615438968380145,0.9986666666666667
0.6616023319494744,0.9986666666666667
0.661660777385159,0.9986666666666667
0.6617192331478046,0.9986666666666667
0.6617776992401484,0.9986666666666667
0.6618361756649289,0.9986666666666667
0.6618946624248851,0.9986666666666667
0.6619531595227574,0.9986666666666667
0.6620116669612869,0.9986666666666667
0.6620701847432158,0.9986666666666667
0.6621287128712872,0.9986666666666667
0.6621872513482451,0.9986666666666667
0.6622458001768347,0.9986666666666667
0.6623043593598019,0.9986666666666667
0.6623629288998939,0.9986666666666667
0.6624215087998585,0.9986666666666667
0.6624800990624448,0.9986666666666667
0.6625386996904025,0.9986666666666667
0.6625973106864826,0.9986666666666667
0.6626559320534371,0.9986666666666667
0.6627145637940187,0.9986666666666667
0.6627732059109813,0.9986666666666667
0.6628318584070797,0.9986666666666667
0.6628905212850694,0.9986666666666667
0.6629491945477075,0.9986666666666667
0.6630078781977516,0.9986666666666667
0.6630665722379604,0.9986666666666667
0.6631252766710934,0.9986666666666667
0.6631839914999115,0.9986666666666667
0.6632427167271762,0.9986666666666667
0.66330145235565,0.9986666666666667
0.6633601983880967,0.9986666666666667
0.6634189548272807,0.9986666666666667
0.6634777216759677,0.9986666666666667
0.6635364989369241,0.9986666666666667
0.6635952866129176,0.9986666666666667
0.6636540847067163,0.9986666666666667
0.66371289322109,0.9986666666666667
0.6637717121588089,0.9986666666666667
0.6638305415226446,0.9986666666666667
0.6638893813153696,0.9986666666666667
0.6639482315397571,0.9986666666666667
0.6640070921985816,0.9986666666666667
0.6640659632946183,0.9986666666666667
0.6641248448306437,0.9986666666666667
0.6641837368094351,0.9986666666666667
0.6642426392337708,0.9986666666666667
0.6643015521064302,0.9986666666666667
0.6643604754301934,0.9986666666666667
0.6644194092078417,0.9986666666666667
0.6644783534421576,0.9986666666666667
0.664537308135924,0.9986666666666667
0.6645962732919255,0.9986666666666667
0.664655248912947,0.9986666666666667
0.664714235001775,0.9986666666666667
0.6647732315611964,0.9986666666666667
0.6648322385939996,0.9986666666666667
0.6648912561029738,0.9986666666666667
0.6649502840909091,0.9986666666666667
0.6650093225605966,0.9986666666666667
0.6650683715148287,0.9986666666666667
0.6651274309563981,0.9986666666666667
0.6651865008880995,0.9986666666666667
0.6652455813127276,0.9986666666666667
0.6653046722330787,0.9986666666666667
0.6653637736519499,0.9986666666666667
0.6654228855721394,0.9986666666666667
0.6654820079964461,0.9986666666666667
0.6655411409276701,0.9986666666666667
0.6656002843686128,0.9986666666666667
0.6656594383220761,0.9986666666666667
0.665718602790863,0.9986666666666667
0.6657777777777778,0.9986666666666667
0.6658369632856254,0.9986666666666667
0.6658961593172119,0.9986666666666667
0.6659553658753445,0.9986666666666667
0.6660145829628312,0.9986666666666667
0.666073810582481,0.9986666666666667
0.6661330487371042,0.9986666666666667
0.6661922974295117,0.9986666666666667
0.6662515566625156,0.9986666666666667
0.6663108264389289,0.9986666666666667
0.6663701067615658,0.9986666666666667
0.6664293976332414,0.9986666666666667
0.6664886990567717,0.9986666666666667
0.6665480110349737,0.9986666666666667
0.6666073335706657,0.9986666666666667
0.6666666666666666,0.9986666666666667
0.6667260103257967,0.9986666666666667
0.6667853645508769,0.9986666666666667
0.6668447293447294,0.9986666666666667
0.6669041047101771,0.9986666666666667
0.6669634906500446,0.9986666666666667
0.6670228871671565,0.9986666666666667
0.6670822942643392,0.9986666666666667
0.6671417119444197,0.9986666666666667
0.6672011402102263,0.9986666666666667
0.667260579064588,0.9986666666666667
0.667320028510335,0.9986666666666667
0.6673794885502985,0.9986666666666667
0.6674389591873107,0.9986666666666667
0.6674984404242046,0.9986666666666667
0.6675579322638147,0.9986666666666667
0.6676174347089758,0.9986666666666667
0.6676769477625245,0.9986666666666667
0.6677364714272979,0.9986666666666667
0.6677960057061341,0.9986666666666667
0.6678555506018725,0.9986666666666667
0.6679151061173533,0.9986666666666667
0.6679746722554178,0.9986666666666667
0.6680342490189083,0.9986666666666667
0.6680938364106681,0.9986666666666667
0.6681534344335415,0.9986666666666667
0.6682130430903738,0.9986666666666667
0.6682726623840114,0.9986666666666667
0.6683322923173017,0.9986666666666667
0.668391932893093,0.9986666666666667
0.6684515841142347,0.9986666666666667
0.6685112459835773,0.9986666666666667
0.6685709185039721,0.9986666666666667
0.6686306016782717,0.9986666666666667
0.6686902955093296,0.9986666666666667
0.66875,0.9986666666666667
0.6688097151531387,0.9986666666666667
0.6688694409716021,0.9986666666666667
0.6689291774582478,0.9986666666666667
0.6689889246159343,0.9986666666666667
0.6690486824475212,0.9986666666666667
0.6691084509558692,0.9986666666666667
0.6691682301438399,0.9986666666666667
0.6692280200142959,0.9986666666666667
0.6692878205701009,0.9986666666666667
0.6693476318141197,0.9986666666666667
0.669407453749218,0.9986666666666667
0.6694672863782625,0.9986666666666667
0.6695271297041209,0.9986666666666667
0.6695869837296621,0.9986666666666667
0.6696468484577559,0.9986666666666667
0.6697067238912733,0.9986666666666667
0.6697666100330859,0.9986666666666667
0.6698265068860669,0.9986666666666667
0.66988641445309,0.9986666666666667
0.6699463327370304,0.9986666666666667
0.6700062617407639,0.9986666666666667
0.6700662014671677,0.9986666666666667
0.6701261519191196,0.9986666666666667
0.6701861130994989,0.9986666666666667
0.6702460850111857,0.9986666666666667
0.670306067657061,0.9986666666666667
0.6703660610400072,0.9986666666666667
0.6704260651629073,0.9986666666666667
0.6704860800286456,0.9986666666666667
0.6705461056401074,0.9986666666666667
0.6706061420001791,0.9986666666666667
0.6706661891117478,0.9986666666666667
0.6707262469777021,0.9986666666666667
0.6707863156009314,0.9986666666666667
0.670846394984326,0.9986666666666667
0.6709064851307776,0.9986666666666667
0.6709665860431784,0.9986666666666667
0.6710266977244221,0.9986666666666667
0.6710868201774035,0.9986666666666667
0.671146953405018,0.9986666666666667
0.6712070974101622,0.9986666666666667
0.671267252195734,0.9986666666666667
0.6713274177646321,0.9986666666666667
0.6713875941197562,0.9986666666666667
0.6714477812640072,0.9986666666666667
0.6715079792002869,0.9986666666666667
0.6715681879314983,0.9986666666666667
0.6716284074605452,0.9986666666666667
0.6716886377903327,0.9986666666666667
0.6717488789237668,0.9986666666666667
0.6718091308637546,0.9986666666666667
0.6718693936132042,0.9986666666666667
0.6719296671750247,0.9986666666666667
0.6719899515521264,0.9986666666666667
0.6720502467474204,0.9986666666666667
0.6721105527638191,0.9986666666666667
0.6721708696042359,0.9986666666666667
0.672231197271585,0.9986666666666667
0.672291535768782,0.9986666666666667
0.6723518850987432,0.9986666666666667
0.6724122452643864,0.9986666666666667
0.6724726162686299,0.9986666666666667
0.6725329981143935,0.9986666666666667
0.6725933908045977,0.9986666666666667
0.6726537943421643,0.9986666666666667
0.6727142087300162,0.9986666666666667
0.672774633971077,0.9986666666666667
0.6728350700682717,0.9986666666666667
0.6728955170245261,0.9986666666666667
0.6729559748427673,0.9986666666666667
0.6730164435259233,0.9986666666666667
0.6730769230769231,0.9986666666666667
0.6731374134986968,0.9986666666666667
0.6731979147941758,0.9986666666666667
0.6732584269662921,0.9986666666666667
0.6733189500179791,0.9986666666666667
0.6733794839521712,0.9986666666666667
0.6734400287718036,0.9986666666666667
0.673500584479813,0.9986666666666667
0.6735611510791367,0.9986666666666667
0.6736217285727134,0.9986666666666667
0.6736823169634827,0.9986666666666667
0.6738035264483627,0.9986666666666667
0.6738641475483581,0.9986666666666667
0.6739247795573151,0.9986666666666667
0.6739854224781787,0.9986666666666667
0.6740460763138949,0.9986666666666667
0.6741067410674106,0.9986666666666667
0.6741674167416741,0.9986666666666667
0.6742281033396346,0.9986666666666667
0.674288800864242,0.9986666666666667
0.6743495093184478,0.9986666666666667
0.6744102287052044,0.9986666666666667
0.6744709590274651,0.9986666666666667
0.6745317002881844,0.9986666666666667
0.674592452490318,0.9986666666666667
0.6746532156368222,0.9986666666666667
0.6747139897306549,0.9986666666666667
0.6747747747747748,0.9986666666666667
0.6748355707721416,0.9986666666666667
0.6748963777257163,0.9986666666666667
0.6749571956384608,0.9986666666666667
0.6750180245133381,0.9986666666666667
0.6750788643533123,0.9986666666666667
0.6751397151613485,0.9986666666666667
0.6752005769404129,0.9986666666666667
0.6752614496934728,0.9986666666666667
0.6753223334234966,0.9986666666666667
0.6753832281334535,0.9986666666666667
0.6754441338263144,0.9986666666666667
0.6755050505050505,0.9986666666666667
0.6755659781726346,0.9986666666666667
0.6756269168320405,0.9986666666666667
0.6756878664862427,0.9986666666666667
0.6757488271382173,0.9986666666666667
0.675809798790941,0.9986666666666667
0.6758707814473922,0.9986666666666667
0.6759317751105496,0.9986666666666667
0.6759927797833934,0.9986666666666667
0.6760537954689051,0.9986666666666667
0.6761148221700668,0.9986666666666667
0.6761758598898618,0.9986666666666667
0.6762369086312748,0.9986666666666667
0.6762979683972912,0.9986666666666667
0.6763590391908976,0.9986666666666667
0.6764201210150818,0.9986666666666667
0.6764812138728323,0.9986666666666667
0.6765423177671394,0.9986666666666667
0.6766034327009937,0.9986666666666667
0.6766645586773873,0.9986666666666667
0.6767256956993133,0.9986666666666667
0.676786843769766,0.9986666666666667
0.6768480028917405,0.9986666666666667
0.6769091730682332,0.9986666666666667
0.6769703543022415,0.9986666666666667
0.677031546596764,0.9986666666666667
0.6770927499548002,0.9986666666666667
0.6771539643793508,0.9986666666666667
0.6772151898734177,0.9986666666666667
0.6772764264400036,0.9986666666666667
0.6773376740821125,0.9986666666666667
0.6773989328027494,0.9986666666666667
0.6774602026049205,0.9986666666666667
0.6775214834916328,0.9986666666666667
0.6775827754658947,0.9986666666666667
0.6776440785307156,0.9986666666666667
0.677705392689106,0.9986666666666667
0.6777667179440775,0.9986666666666667
0.6778280542986426,0.9986666666666667
0.677889401755815,0.9986666666666667
0.6779507603186097,0.9986666666666667
0.6780121299900426,0.9986666666666667
0.6780735107731305,0.9986666666666667
0.6781349026708918,0.9986666666666667
0.6781963056863455,0.9986666666666667
0.678257719822512,0.9986666666666667
0.6783191450824126,0.9986666666666667
0.6783805814690699,0.9986666666666667
0.6784420289855072,0.9986666666666667
0.6785034876347495,0.9986666666666667
0.6785649574198225,0.9986666666666667
0.6786264383437528,0.9986666666666667
0.6786879304095687,0.9986666666666667
0.678749433620299,0.9986666666666667
0.6788109479789741,0.9986666666666667
0.678872473488625,0.9986666666666667
0.6789340101522843,0.9986666666666667
0.6789955579729853,0.9986666666666667
0.6790571169537625,0.9986666666666667
0.6791186870976517,0.9986666666666667
0.6791802684076895,0.9986666666666667
0.679241860886914,0.9986666666666667
0.6793034645383639,0.9986666666666667
0.6793650793650794,0.9986666666666667
0.6794267053701016,0.9986666666666667
0.6794883425564728,0.9986666666666667
0.6795499909272364,0.9986666666666667
0.6796116504854369,0.9986666666666667
0.6796733212341198,0.9986666666666667
0.6797350031763318,0.9986666666666667
0.6797966963151207,0.9986666666666667
0.6798584006535354,0.9986666666666667
0.679920116194626,0.9986666666666667
0.6799818429414435,0.9986666666666667
0.6800435808970401,0.9986666666666667
0.6801053300644693,0.9986666666666667
0.6801670904467854,0.9986666666666667
0.6802288620470439,0.9986666666666667
0.6802906448683016,0.9986666666666667
0.6803524389136162,0.9986666666666667
0.6804142441860465,0.9986666666666667
0.6804760606886526,0.9986666666666667
0.6805378884244957,0.9986666666666667
0.6805997273966379,0.9986666666666667
0.6806615776081425,0.9986666666666667
0.680723439062074,0.9986666666666667
0.6807853117614979,0.9986666666666667
0.6808471957094809,0.9986666666666667
0.6809090909090909,0.9986666666666667
0.6809709973633967,0.9986666666666667
0.6810329150754683,0.9986666666666667
0.6810948440483768,0.9986666666666667
0.6811567842851947,0.9986666666666667
0.681218735788995,0.9986666666666667
0.6812806985628524,0.9986666666666667
0.6813426726098426,0.9986666666666667
0.6814046579330422,0.9986666666666667
0.681466654535529,0.9986666666666667
0.6815286624203821,0.9986666666666667
0.6815906815906816,0.9986666666666667
0.6816527120495085,0.9986666666666667
0.6817147537999454,0.9986666666666667
0.6817768068450756,0.9986666666666667
0.6818388711879836,0.9986666666666667
0.6819009468317553,0.9986666666666667
0.6819630337794774,0.9986666666666667
0.6820251320342379,0.9986666666666667
0.6820872415991258,0.9986666666666667
0.6821493624772313,0.9986666666666667
0.6822114946716459,0.9986666666666667
0.6822736381854618,0.9986666666666667
0.6823357930217728,0.9986666666666667
0.6823979591836735,0.9986666666666667
0.6824601366742596,0.9986666666666667
0.6825223254966284,0.9986666666666667
0.6825845256538777,0.9986666666666667
0.6826467371491068,0.9986666666666667
0.6827089599854161,0.9986666666666667
0.682771194165907,0.9986666666666667
0.6828334396936822,0.9986666666666667
0.6828956965718453,0.9986666666666667
0.6829579648035015,0.9986666666666667
0.6830202443917563,0.9986666666666667
0.6830825353397173,0.9986666666666667
0.6831448376504925,0.9986666666666667
0.6832071513271915,0.9986666666666667
0.6832694763729247,0.9986666666666667
0.6833318127908038,0.9986666666666667
0.6833941605839416,0.9986666666666667
0.6834565197554522,0.9986666666666667
0.6835188903084505,0.9986666666666667
0.6835812722460528,0.9986666666666667
0.6836436655713765,0.9986666666666667
0.6837060702875399,0.9986666666666667
0.683768486397663,0.9986666666666667
0.6838309139048663,0.9986666666666667
0.6838933528122717,0.9986666666666667
0.6839558031230024,0.9986666666666667
0.6840182648401827,0.9986666666666667
0.6840807379669376,0.9986666666666667
0.6841432225063938,0.9986666666666667
0.684205718461679,0.9986666666666667
0.6842682258359218,0.9986666666666667
0.6843307446322522,0.9986666666666667
0.6843932748538012,0.9986666666666667
0.684455816503701,0.9986666666666667
0.6845183695850849,0.9986666666666667
0.6844895347774427,0.9985333333333334
0.6845521023765996,0.9985333333333334
0.6846146814151202,0.9985333333333334
0.6846772718961419,0.9985333333333334
0.6847398738228033,0.9985333333333334
0.6848024871982443,0.9985333333333334
0.6848651120256058,0.9985333333333334
0.68492774830803,0.9985333333333334
0.68499039604866,0.9985333333333334
0.6850530552506403,0.9985333333333334
0.6851157259171164,0.9985333333333334
0.6851784080512351,0.9985333333333334
0.6852411016561442,0.9985333333333334
0.6853038067349927,0.9985333333333334
0.6853665232909307,0.9985333333333334
0.6854292513271096,0.9985333333333334
0.6854919908466819,0.9985333333333334
0.6855547418528012,0.9985333333333334
0.6856175043486221,0.9985333333333334
0.6856802783373008,0.9985333333333334
0.6857430638219943,0.9985333333333334
0.6858058608058608,0.9985333333333334
0.6858686692920597,0.9985333333333334
0.6859314892837516,0.9985333333333334
0.6859943207840982,0.9985333333333334
0.6860571637962624,0.9985333333333334
0.6861200183234082,0.9985333333333334
0.6861828843687008,0.9985333333333334
0.6862457619353065,0.9985333333333334
0.6863086510263929,0.9985333333333334
0.6863715516451288,0.9985333333333334
0.6864344637946838,0.9985333333333334
0.686497387478229,0.9985333333333334
0.6865603226989365,0.9985333333333334
0.6866232694599799,0.9985333333333334
0.6866862277645333,0.9985333333333334
0.6867491976157726,0.9985333333333334
0.6868121790168745,0.9985333333333334
0.6868751719710171,0.9985333333333334
0.6869381764813796,0.9985333333333334
0.6870011925511421,0.9985333333333334
0.6870642201834862,0.9985333333333334
0.6871272593815947,0.9985333333333334
0.6871903101486512,0.9985333333333334
0.6872533724878407,0.9985333333333334
0.6873164464023495,0.9985333333333334
0.6873795318953648,0.9985333333333334
0.6874426289700752,0.9985333333333334
0.6875057376296704,0.9985333333333334
0.6875688578773411,0.9985333333333334
0.6876319897162795,0.9985333333333334
0.6876951331496786,0.9985333333333334
0.6877582881807328,0.9985333333333334
0.6878214548126378,0.9985333333333334
0.68788463304859,0.9985333333333334
0.6879478228917876,0.9985333333333334
0.6880110243454295,0.9985333333333334
0.6880742374127159,0.9985333333333334
0.6881374620968483,0.9985333333333334
0.6882006984010293,0.9985333333333334
0.6882639463284624,0.9985333333333334
0.688327205882353,0.9985333333333334
0.6883904770659068,0.9985333333333334
0.6884537598823313,0.9985333333333334
0.688517054334835,0.9985333333333334
0.6885803604266274,0.9985333333333334
0.6886436781609195,0.9985333333333334
0.6887070075409233,0.9985333333333334
0.688770348569852,0.9985333333333334
0.6888337012509198,0.9985333333333334
0.6888970655873424,0.9985333333333334
0.6889604415823367,0.9985333333333334
0.6890238292391204,0.9985333333333334
0.6890872285609128,0.9985333333333334
0.689150639550934,0.9985333333333334
0.6892140622124057,0.9985333333333334
0.6892774965485504,0.9985333333333334
0.689340942562592,0.9985333333333334
0.6894044002577557,0.9985333333333334
0.6894678696372676,0.9985333333333334
0.689531350704355,0.9985333333333334
0.6895948434622468,0.9985333333333334
0.6896583479141726,0.9985333333333334
0.6897218640633634,0.9985333333333334
0.6897853919130514,0.9985333333333334
0.6898489314664702,0.9985333333333334
0.689912482726854,0.9985333333333334
0.6899760456974388,0.9985333333333334
0.6900396203814614,0.9985333333333334
0.69010320678216,0.9985333333333334
0.6901668049027739,0.9985333333333334
0.6902304147465438,0.9985333333333334
0.6902940363167113,0.9985333333333334
0.6903576696165191,0.9985333333333334
0.6904213146492117,0.9985333333333334
0.6904849714180343,0.9985333333333334
0.6905486399262333,0.9985333333333334
0.6906123201770564,0.9985333333333334
0.6906760121737526,0.9985333333333334
0.6907397159195721,0.9985333333333334
0.6908034314177659,0.9985333333333334
0.6908671586715868,0.9985333333333334
0.6909308976842882,0.9985333333333334
0.6909946484591253,0.9985333333333334
0.6910584109993541,0.9985333333333334
0.6911221853082318,0.9985333333333334
0.691185971389017,0.9985333333333334
0.6912497692449695,0.9985333333333334
0.6913135788793502,0.9985333333333334
0.6913774002954209,0.9985333333333334
0.6914412334964454,0.9985333333333334
0.6915050784856879,0.9985333333333334
0.6915689352664143,0.9985333333333334
0.6916328038418914,0.9985333333333334
0.6916966842153874,0.9985333333333334
0.6917605763901719,0.9985333333333334
0.691824480369515,0.9985333333333334
0.6918883961566888,0.9985333333333334
0.6919523237549663,0.9985333333333334
0.6920162631676215,0.9985333333333334
0.69208021439793,0.9985333333333334
0.6921441774491682,0.9985333333333334
0.6922081523246141,0.9985333333333334
0.6922721390275467,0.9985333333333334
0.6923361375612462,0.9985333333333334
0.6924001479289941,0.9985333333333334
0.692464170134073,0.9985333333333334
0.692528204179767,0.9985333333333334
0.692592250069361,0.9985333333333334
0.6926563078061413,0.9985333333333334
0.6927203773933956,0.9985333333333334
0.6927844588344125,0.9985333333333334
0.6928485521324822,0.9985333333333334
0.6929126572908957,0.9985333333333334
0.6929767743129454,0.9985333333333334
0.6930409032019249,0.9985333333333334
0.6931050439611292,0.9985333333333334
0.6931691965938541,0.9985333333333334
0.6932333611033972,0.9985333333333334
0.6932975374930569,0.9985333333333334
0.6933617257661328,0.9985333333333334
0.6934259259259259,0.9985333333333334
0.6934901379757384,0.9985333333333334
0.6935543619188739,0.9985333333333334
0.6936185977586367,0.9985333333333334
0.6936828454983327,0.9985333333333334
0.6937471051412691,0.9985333333333334
0.6938113766907541,0.9985333333333334
0.6938756601500973,0.9985333333333334
0.6939399555226093,0.9985333333333334
0.6940042628116022,0.9985333333333334
0.6940685820203892,0.9985333333333334
0.6941329131522848,0.9985333333333334
0.6941972562106044,0.9985333333333334
0.694261611198665,0.9985333333333334
0.6943259781197849,0.9985333333333334
0.6943903569772832,0.9985333333333334
0.6944547477744807,0.9985333333333334
0.694519150514699,0.9985333333333334
0.6945835652012614,0.9985333333333334
0.6946479918374919,0.9985333333333334
0.6947124304267162,0.9985333333333334
0.6947768809722609,0.9985333333333334
0.6948413434774541,0.9985333333333334
0.6949058179456249,0.9985333333333334
0.694970304380104,0.9985333333333334
0.6950348027842227,0.9985333333333334
0.6950993131613142,0.9985333333333334
0.6951638355147127,0.9985333333333334
0.6952283698477534,0.9985333333333334
0.6952929161637731,0.9985333333333334
0.6953574744661095,0.9985333333333334
0.695422044758102,0.9985333333333334
0.6954866270430906,0.9985333333333334
0.6955512213244172,0.9985333333333334
0.6956158276054245,0.9985333333333334
0.6956804458894565,0.9985333333333334
0.6957450761798588,0.9985333333333334
0.6958097184799777,0.9985333333333334
0.6958743727931611,0.9985333333333334
0.6959390391227581,0.9985333333333334
0.696003717472119,0.9985333333333334
0.6960684078445952,0.9985333333333334
0.6961331102435397,0.9985333333333334
0.6961978246723064,0.9985333333333334
0.6962625511342506,0.9985333333333334
0.6963272896327289,0.9985333333333334
0.6963920401710991,0.9985333333333334
0.6964568027527201,0.9985333333333334
0.6965215773809523,0.9985333333333334
0.6965863640591573,0.9985333333333334
0.6966511627906977,0.9985333333333334
0.6967159735789376,0.9985333333333334
0.6967807964272423,0.9985333333333334
0.6968456313389784,0.9985333333333334
0.6969104783175135,0.9985333333333334
0.6969753373662169,0.9985333333333334
0.6970402084884587,0.9985333333333334
0.6971050916876106,0.9985333333333334
0.6971699869670452,0.9985333333333334
0.6972348943301369,0.9985333333333334
0.6972998137802607,0.9985333333333334
0.6973647453207934,0.9985333333333334
0.6974296889551127,0.9985333333333334
0.6974946446865977,0.9985333333333334
0.6975596125186289,0.9985333333333334
0.6976245924545877,0.9985333333333334
0.6976895844978572,0.9985333333333334
0.6977545886518215,0.9985333333333334
0.6978196049198658,0.9985333333333334
0.697884633305377,0.9985333333333334
0.6979496738117428,0.9985333333333334
0.6980147264423525,0.9985333333333334
0.6980797912005966,0.9985333333333334
0.6981448680898666,0.9985333333333334
0.6982099571135558,0.9985333333333334
0.6982750582750583,0.9985333333333334
0.6983401715777695,0.9985333333333334
0.6984052970250862,0.9985333333333334
0.6984704346204066,0.9985333333333334
0.6985355843671299,0.9985333333333334
0.6986007462686568,0.9985333333333334
0.6986659203283888,0.9985333333333334
0.6987311065497295,0.9985333333333334
0.6987963049360829,0.9985333333333334
0.6988615154908548,0.9985333333333334
0.6989267382174522,0.9985333333333334
0.6989919731192832,0.9985333333333334
0.6990572201997574,0.9985333333333334
0.6991224794622853,0.9985333333333334
0.6991877509102792,0.9985333333333334
0.6992530345471522,0.9985333333333334
0.699318330376319,0.9985333333333334
0.6993836384011953,0.9985333333333334
0.6994489586251985,0.9985333333333334
0.6995142910517467,0.9985333333333334
0.6995796356842597,0.9985333333333334
0.6996449925261584,0.9985333333333334
0.6997103615808652,0.9985333333333334
0.6997757428518034,0.9985333333333334
0.6998411363423979,0.9985333333333334
0.6999065420560747,0.9985333333333334
0.6999719599962614,0.9985333333333334
0.7000373901663862,0.9985333333333334
0.7001028325698794,0.9985333333333334
0.700168287210172,0.9985333333333334
0.7002337540906965,0.9985333333333334
0.7002992332148869,0.9985333333333334
0.7003647245861778,0.9985333333333334
0.7004302282080059,0.9985333333333334
0.7004957440838088,0.9985333333333334
0.7005612722170252,0.9985333333333334
0.7006268126110955,0.9985333333333334
0.7006923652694611,0.9985333333333334
0.7007579301955648,0.9985333333333334
0.7008235073928505,0.9985333333333334
0.7008890968647636,0.9985333333333334
0.700954698614751,0.9985333333333334
0.7010203126462604,0.9985333333333334
0.7010859389627411,0.9985333333333334
0.7011515775676435,0.9985333333333334
0.7012172284644195,0.9985333333333334
0.7012828916565221,0.9985333333333334
0.7013485671474059,0.9985333333333334
0.7014142549405263,0.9985333333333334
0.7014799550393406,0.9985333333333334
0.7015456674473068,0.9985333333333334
0.7016113921678846,0.9985333333333334
0.7016771292045348,0.9985333333333334
0.7017428785607196,0.9985333333333334
0.7018086402399025,0.9985333333333334
0.7018744142455483,0.9985333333333334
0.7019402005811228,0.9985333333333334
0.7020059992500938,0.9985333333333334
0.7020718102559295,0.9985333333333334
0.7021376336021001,0.9985333333333334
0.7022034692920769,0.9985333333333334
0.7022693173293323,0.9985333333333334
0.7023351777173403,0.9985333333333334
0.702401050459576,0.9985333333333334
0.702466935559516,0.9985333333333334
0.7025328330206378,0.9985333333333334
0.7025987428464209,0.9985333333333334
0.7026646650403453,0.9985333333333334
0.7027305996058928,0.9985333333333334
0.7027965465465466,0.9985333333333334
0.7028625058657907,0.9985333333333334
0.702928477567111,0.9985333333333334
0.7029944616539942,0.9985333333333334
0.7030604581299287,0.9985333333333334
0.7031264669984039,0.9985333333333334
0.7031924882629108,0.9985333333333334
0.7032585219269415,0.9985333333333334
0.7033245679939895,0.9985333333333334
0.7033906264675496,0.9985333333333334
0.7034566973511178,0.9985333333333334
0.7035227806481916,0.9985333333333334
0.7035888763622699,0.9985333333333334
0.7036549844968524,0.9985333333333334
0.7037211050554407,0.9985333333333334
0.7037872380415374,0.9985333333333334
0.7038533834586466,0.9985333333333334
0.7039195413102736,0.9985333333333334
0.7039857115999248,0.9985333333333334
0.7040518943311084,0.9985333333333334
0.7041180895073336,0.9985333333333334
0.704184297132111,0.9985333333333334
0.7042505172089524,0.9985333333333334
0.7043167497413712,0.9985333333333334
0.7043829947328819,0.9985333333333334
0.7044492521870003,0.9985333333333334
0.7045155221072437,0.9985333333333334
0.7045818044971305,0.9985333333333334
0.7046480993601807,0.9985333333333334
0.7047144066999154,0.9985333333333334
0.7047807265198569,0.9985333333333334
0.7048470588235294,0.9985333333333334
0.7049134036144579,0.9985333333333334
0.7049797608961687,0.9985333333333334
0.7050461306721898,0.9985333333333334
0.7051125129460503,0.9985333333333334
0.7051789077212806,0.9985333333333334
0.7052453150014125,0.9985333333333334
0.7053117347899793,0.9985333333333334
0.7053781670905153,0.9985333333333334
0.7054446119065562,0.9985333333333334
0.7055110692416392,0.9985333333333334
0.7055775390993028,0.9985333333333334
0.7056440214830868,0.9985333333333334
0.7057105163965323,0.9985333333333334
0.7057770238431816,0.9985333333333334
0.7058435438265787,0.9985333333333334
0.7059100763502686,0.9985333333333334
0.7059766214177979,0.9985333333333334
0.7060431790327143,0.9985333333333334
0.7061097491985668,0.9985333333333334
0.7061763319189062,0.9985333333333334
0.7062429271972841,0.9985333333333334
0.7063095350372536,0.9985333333333334
0.7063761554423693,0.9985333333333334
0.7064427884161871,0.9985333333333334
0.7065094339622642,0.9985333333333334
0.7065760920841588,0.9985333333333334
0.7066427627854313,0.9985333333333334
0.7067094460696424,0.9985333333333334
0.7067761419403549,0.9985333333333334
0.7068428504011326,0.9985333333333334
0.7069095714555409,0.9985333333333334
0.7069763051071463,0.9985333333333334
0.7070430513595166,0.9985333333333334
0.7071098102162213,0.9985333333333334
0.707176581680831,0.9985333333333334
0.7072433657569176,0.9985333333333334
0.7073101624480544,0.9985333333333334
0.7073769717578162,0.9985333333333334
0.7074437936897789,0.9985333333333334
0.7075106282475201,0.9985333333333334
0.7075774754346182,0.9985333333333334
0.7076443352546536,0.9985333333333334
0.7077112077112077,0.9985333333333334
0.7077780928078632,0.9985333333333334
0.7078449905482042,0.9985333333333334
0.7079119009358162,0.9985333333333334
0.7079788239742862,0.9985333333333334
0.7080457596672024,0.9985333333333334
0.7081127080181543,0.9985333333333334
0.7081796690307328,0.9985333333333334
0.7082466427085303,0.9985333333333334
0.7083136290551405,0.9985333333333334
0.7083806280741581,0.9985333333333334
0.7084476397691798,0.9985333333333334
0.7085146641438033,0.9985333333333334
0.7085817012016274,0.9985333333333334
0.7086487509462528,0.9985333333333334
0.7087158133812813,0.9985333333333334
0.7087828885103161,0.9985333333333334
0.7088499763369617,0.9985333333333334
0.708917076864824,0.9985333333333334
0.7089841900975101,0.9985333333333334
0.709051316038629,0.9985333333333334
0.7091184546917906,0.9985333333333334
0.7091856060606061,0.9985333333333334
0.7092527701486884,0.9985333333333334
0.7093199469596515,0.9985333333333334
0.7093871364971109,0.9985333333333334
0.7094543387646836,0.9985333333333334
0.7095215537659877,0.9985333333333334
0.7095887815046428,0.9985333333333334
0.7096560219842699,0.9985333333333334
0.7097232752084913,0.9985333333333334
0.7097905411809308,0.9985333333333334
0.7098578199052132,0.9985333333333334
0.7099251113849654,0.9985333333333334
0.709992415623815,0.9985333333333334
0.7100597326253911,0.9985333333333334
0.7101270623933245,0.9985333333333334
0.7101944049312471,0.9985333333333334
0.7102617602427921,0.9985333333333334
0.7103291283315945,0.9985333333333334
0.71039650920129,0.9985333333333334
0.7104639028555165,0.9985333333333334
0.7105313092979127,0.9985333333333334
0.7105987285321188,0.9985333333333334
0.7106661605617764,0.9985333333333334
0.7107336053905287,0.9985333333333334
0.7108010630220197,0.9985333333333334
0.7108685334598955,0.9985333333333334
0.7109360167078033,0.9985333333333334
0.7110035127693914,0.9985333333333334
0.7110710216483099,0.9985333333333334
0.71113854334821,0.9985333333333334
0.7112060778727446,0.9985333333333334
0.7112736252255675,0.9985333333333334
0.7113411854103343,0.9985333333333334
0.7114087584307021,0.9985333333333334
0.7114763442903287,0.9985333333333334
0.7115439429928742,0.9985333333333334
0.7116115545419992,0.9985333333333334
0.7116791789413666,0.9985333333333334
0.7117468161946398,0.9985333333333334
0.7118144663054843,0.9985333333333334
0.7118821292775666,0.9985333333333334
0.7119498051145546,0.9985333333333334
0.7120174938201179,0.9985333333333334
0.7120851953979271,0.9985333333333334
0.7121529098516546,0.9985333333333334
0.7122206371849739,0.9985333333333334
0.7122883774015598,0.9985333333333334
0.712356130505089,0.9985333333333334
0.712423896499239,0.9985333333333334
0.7124916753876891,0.9985333333333334
0.7125594671741199,0.9985333333333334
0.7126272718622133,0.9985333333333334
0.7125999238675295,0.9984
0.7126677453126488,0.9984
0.7127355796687607,0.9984
0.7128034269395526,0.9984
0.7128712871287128,0.9984
0.7129391602399314,0.9984
0.7130070462768996,0.9984
0.7130749452433102,0.9984
0.7131428571428572,0.9984
0.7132107819792362,0.9984
0.713278719756144,0.9984
0.7133466704772792,0.9984
0.7134146341463414,0.9984
0.7134826107670319,0.9984
0.7135506003430532,0.9984
0.7136186028781092,0.9984
0.7136866183759054,0.9984
0.7137546468401487,0.9984
0.7138226882745472,0.9984
0.7138907426828106,0.9984
0.7140268904357776,0.9984
0.7140949837879077,0.9984
0.7141630901287553,0.9984
0.7142312094620374,0.9984
0.7142993417914719,0.9984
0.7143674871207785,0.9984
0.7144356454536781,0.9984
0.7145038167938931,0.9984
0.7145720011451474,0.9984
0.7146401985111662,0.9984
0.7147084088956762,0.9984
0.7147766323024055,0.9984
0.7148448687350836,0.9984
0.7149131181974413,0.9984
0.7149813806932112,0.9984
0.7150496562261268,0.9984
0.7151179447999236,0.9984
0.7151862464183381,0.9984
0.7152545610851084,0.9984
0.715322888803974,0.9984
0.7153912295786758,0.9984
0.7154595834129562,0.9984
0.715527950310559,0.9984
0.7155963302752294,0.9984
0.715664723310714,0.9984
0.7157331294207608,0.9984
0.7158015486091196,0.9984
0.7158699808795411,0.9984
0.7159384262357777,0.9984
0.7160068846815835,0.9984
0.7160753562207134,0.9984
0.7161438408569243,0.9984
0.7162123385939742,0.9984
0.7162808494356228,0.9984
0.7163493733856309,0.9984
0.7164179104477612,0.9984
0.7164864606257775,0.9984
0.716555023923445,0.9984
0.7166236003445305,0.9984
0.7166921898928025,0.9984
0.7167607925720303,0.9984
0.7168294083859851,0.9984
0.7168980373384395,0.9984
0.7169666794331674,0.9984
0.7170353346739443,0.9984
0.717104003064547,0.9984
0.7171726846087539,0.9984
0.7172413793103448,0.9984
0.7173100871731009,0.9984
0.7173788082008048,0.9984
0.7174475423972406,0.9984
0.717516289766194,0.9984
0.7175850503114518,0.9984
0.7176538240368028,0.9984
0.7177226109460366,0.9984
0.7177914110429447,0.9984
0.7178602243313201,0.9984
0.7179290508149568,0.9984
0.7179978904976508,0.9984
0.7180667433831991,0.9984
0.7181356094754004,0.9984
0.7182044887780549,0.9984
0.718273381294964,0.9984
0.718342287029931,0.9984
0.71841120598676,0.9984
0.7184801381692574,0.9984
0.7185490835812303,0.9984
0.7186180422264875,0.9984
0.7186870141088396,0.9984
0.7187559992320983,0.9984
0.7188249976000768,0.9984
0.7188940092165899,0.9984
0.7189630340854537,0.9984
0.7190320722104859,0.9984
0.7191011235955056,0.9984
0.7191701882443334,0.9984
0.7192392661607915,0.9984
0.7193083573487031,0.9984
0.7193774618118935,0.9984
0.7194465795541891,0.9984
0.7195157105794177,0.9984
0.7195848548914088,0.9984
0.7196540124939933,0.9984
0.7197231833910035,0.9984
0.7197923675862732,0.9984
0.7198615650836377,0.9984
0.719930775886934,0.9984
0.72,0.9984
0.7200692374266756,0.9984
0.7201384881708021,0.9984
0.720207752236222,0.9984
0.7202770296267795,0.9984
0.7203463203463204,0.9984
0.7204156243986916,0.9984
0.7204849417877417,0.9984
0.7205542725173211,0.9984
0.7206236165912809,0.9984
0.7206929740134745,0.9984
0.7207623447877562,0.9984
0.7208317289179823,0.9984
0.72090112640801,0.9984
0.7209705372616985,0.9984
0.721039961482908,0.9984
0.7211093990755008,0.9984
0.72117885004334,0.9984
0.7212483143902909,0.9984
0.7213177921202196,0.9984
0.7213872832369942,0.9984
0.7214567877444841,0.9984
0.7215263056465601,0.9984
0.7215958369470945,0.9984
0.7216653816499614,0.9984
0.7217349397590361,0.9984
0.7218045112781954,0.9984
0.7218740962113178,0.9984
0.721943694562283,0.9984
0.7220133063349725,0.9984
0.7220829315332691,0.9984
0.722152570161057,0.9984
0.7222222222222222,0.9984
0.7222918877206521,0.9984
0.7223615666602354,0.9984
0.7224312590448625,0.9984
0.7225009648784253,0.9984
0.7225706841648172,0.9984
0.7226404169079328,0.9984
0.7227101631116688,0.9984
0.7227799227799228,0.9984
0.7228496959165943,0.9984
0.7229194825255841,0.9984
0.7229892826107946,0.9984
0.7230590961761297,0.9984
0.7231289232254949,0.9984
0.723198763762797,0.9984
0.7232686177919444,0.9984
0.723338485316847,0.9984
0.7234083663414163,0.9984
0.7234782608695652,0.9984
0.7235481689052082,0.9984
0.7236180904522613,0.9984
0.723688025514642,0.9984
0.7237579740962691,0.9984
0.7238279362010633,0.9984
0.7238979118329466,0.9984
0.7239679009958426,0.9984
0.7240379036936763,0.9984
0.7241079199303743,0.9984
0.7241779497098646,0.9984
0.724247993036077,0.9984
0.7243180499129426,0.9984
0.7243881203443939,0.9984
0.7244582043343654,0.9984
0.7245283018867924,0.9984
0.7245984130056126,0.9984
0.7246685376947644,0.9984
0.7247386759581882,0.9984
0.7248088277998258,0.9984
0.7248789932236205,0.9984
0.7249491722335173,0.9984
0.7250193648334624,0.9984
0.7250895710274039,0.9984
0.7251597908192912,0.9984
0.725230024213075,0.9984
0.7253002712127082,0.9984
0.7253705318221447,0.9984
0.72544080604534,0.9984
0.7255110938862513,0.9984
0.7255813953488373,0.9984
0.7256517104370579,0.9984
0.725722039154875,0.9984
0.7257923815062518,0.9984
0.7258627374951532,0.9984
0.7259331071255454,0.9984
0.7260034904013961,0.9984
0.7260738873266751,0.9984
0.726144297905353,0.9984
0.7262147221414024,0.9984
0.7262851600387973,0.9984
0.7263556116015133,0.9984
0.7264260768335273,0.9984
0.7264965557388183,0.9984
0.7265670483213662,0.9984
0.7266375545851529,0.9984
0.7267080745341615,0.9984
0.7267786081723769,0.9984
0.7268491555037857,0.9984
0.7269197165323755,0.9984
0.7269902912621359,0.9984
0.727060879697058,0.9984
0.7271314818411342,0.9984
0.7272020976983588,0.9984
0.7272727272727273,0.9984
0.7273433705682371,0.9984
0.7274140275888867,0.9984
0.7274846983386768,0.9984
0.727555382821609,0.9984
0.7276260810416869,0.9984
0.7275996112730807,0.9982666666666666
0.7276703275342599,0.9982666666666666
0.7277410575427683,0.9982666666666666
0.7278118013026149,0.9982666666666666
0.7278825588178106,0.9982666666666666
0.7279533300923675,0.9982666666666666
0.7280241151302995,0.9982666666666666
0.7280949139356219,0.9982666666666666
0.7281657265123517,0.9982666666666666
0.7282365528645074,0.9982666666666666
0.7283073929961089,0.9982666666666666
0.7283782469111781,0.9982666666666666
0.7284491146137381,0.9982666666666666
0.7285199961078136,0.9982666666666666
0.7285908913974309,0.9982666666666666
0.728661800486618,0.9982666666666666
0.7287327233794043,0.9982666666666666
0.7288036600798209,0.9982666666666666
0.7288746105919003,0.9982666666666666
0.7289455749196767,0.9982666666666666
0.7290165530671859,0.9982666666666666
0.7290875450384653,0.9982666666666666
0.7291585508375535,0.9982666666666666
0.7292295704684912,0.9982666666666666
0.7293006039353205,0.9982666666666666
0.7293716512420848,0.9982666666666666
0.7294427123928293,0.9982666666666666
0.7295137873916009,0.9982666666666666
0.7295848762424478,0.9982666666666666
0.7296559789494201,0.9982666666666666
0.7297270955165692,0.9982666666666666
0.7297982259479482,0.9982666666666666
0.7298693702476117,0.9982666666666666
0.7299405284196159,0.9982666666666666
0.7300117004680188,0.9982666666666666
0.7300828863968796,0.9982666666666666
0.7301540862102595,0.9982666666666666
0.7302252999122208,0.9982666666666666
0.7302965275068279,0.9982666666666666
0.7303677689981465,0.9982666666666666
0.7304390243902439,0.9982666666666666
0.730510293687189,0.9982666666666666
0.7305815768930523,0.9982666666666666
0.7306528740119059,0.9982666666666666
0.7307241850478235,0.9982666666666666
0.7307955100048804,0.9982666666666666
0.7308668488871535,0.9982666666666666
0.730938201698721,0.9982666666666666
0.7310095684436634,0.9982666666666666
0.7310809491260619,0.9982666666666666
0.73115234375,0.9982666666666666
0.7312237523195625,0.9982666666666666
0.7312951748388357,0.9982666666666666
0.7313666113119078,0.9982666666666666
0.7314380617428683,0.9982666666666666
0.7315095261358086,0.9982666666666666
0.7315810044948212,0.9982666666666666
0.7316524968240008,0.9982666666666666
0.7317240031274433,0.9982666666666666
0.7317955234092464,0.9982666666666666
0.7318670576735092,0.9982666666666666
0.7319386059243328,0.9982666666666666
0.7320101681658193,0.9982666666666666
0.732081744402073,0.9982666666666666
0.7321533346371993,0.9982666666666666
0.7322249388753056,0.9982666666666666
0.7322965571205008,0.9982666666666666
0.7323681893768952,0.9982666666666666
0.732439835648601,0.9982666666666666
0.732511495939732,0.9982666666666666
0.7325831702544031,0.9982666666666666
0.7326548585967316,0.9982666666666666
0.7327265609708358,0.9982666666666666
0.7327982773808359,0.9982666666666666
0.7328700078308535,0.9982666666666666
0.7329417523250122,0.9982666666666666
0.7330135108674368,0.9982666666666666
0.733085283462254,0.9982666666666666
0.7331570701135919,0.9982666666666666
0.7332288708255803,0.9982666666666666
0.7333006856023506,0.9982666666666666
0.7333725144480361,0.9982666666666666
0.7334443573667712,0.9982666666666666
0.7335162143626923,0.9982666666666666
0.7335880854399373,0.9982666666666666
0.7336599706026458,0.9982666666666666
0.7337318698549589,0.9982666666666666
0.7338037832010194,0.9982666666666666
0.7338757106449716,0.9982666666666666
0.7339476521909617,0.9982666666666666
0.7340196078431372,0.9982666666666666
0.7340915776056476,0.9982666666666666
0.7341635614826436,0.9982666666666666
0.7342355594782779,0.9982666666666666
0.7343075715967046,0.9982666666666666
0.7343795978420794,0.9982666666666666
0.73445163821856,0.9982666666666666
0.7345236927303052,0.9982666666666666
0.7345957613814756,0.9982666666666666
0.734667844176234,0.9982666666666666
0.7347399411187439,0.9982666666666666
0.734812052213171,0.9982666666666666
0.7348841774636827,0.9982666666666666
0.7349563168744478,0.9982666666666666
0.7350284704496367,0.9982666666666666
0.7351006381934218,0.9982666666666666
0.7351728201099764,0.9982666666666666
0.7352450162034764,0.9982666666666666
0.7353172264780986,0.9982666666666666
0.7353894509380218,0.9982666666666666
0.7354616895874263,0.9982666666666666
0.7355339424304942,0.9982666666666666
0.7356062094714089,0.9982666666666666
0.7356784907143559,0.9982666666666666
0.735750786163522,0.9982666666666666
0.7358230958230958,0.9982666666666666
0.7358954196972676,0.9982666666666666
0.735967757790229,0.9982666666666666
0.7360401101061738,0.9982666666666666
0.736112476649297,0.9982666666666666
0.7361848574237955,0.9982666666666666
0.7362572524338676,0.9982666666666666
0.7363296616837136,0.9982666666666666
0.7364020851775351,0.9982666666666666
0.7364745229195357,0.9982666666666666
0.7365469749139203,0.9982666666666666
0.7366194411648957,0.9982666666666666
0.7366919216766703,0.9982666666666666
0.736764416453454,0.9982666666666666
0.7368369254994587,0.9982666666666666
0.7369094488188976,0.9982666666666666
0.7369819864159858,0.9982666666666666
0.7370545382949399,0.9982666666666666
0.7371271044599783,0.9982666666666666
0.737199684915321,0.9982666666666666
0.7372722796651896,0.9982666666666666
0.7373448887138073,0.9982666666666666
0.7374175120653994,0.9982666666666666
0.7374901497241922,0.9982666666666666
0.7375628016944143,0.9982666666666666
0.7376354679802956,0.9982666666666666
0.7377081485860676,0.9982666666666666
0.7377808435159637,0.9982666666666666
0.7378535527742189,0.9982666666666666
0.73792627636507,0.9982666666666666
0.737999014292755,0.9982666666666666
0.7380717665615142,0.9982666666666666
0.738144533175589,0.9982666666666666
0.738217314139223,0.9982666666666666
0.7382901094566611,0.9982666666666666
0.7383629191321499,0.9982666666666666
0.7384357431699379,0.9982666666666666
0.738508581574275,0.9982666666666666
0.738581434349413,0.9982666666666666
0.7386543014996053,0.9982666666666666
0.738727183029107,0.9982666666666666
0.7388000789421748,0.9982666666666666
0.7388729892430672,0.9982666666666666
0.7389459139360443,0.9982666666666666
0.7390188530253676,0.9982666666666666
0.739091806515301,0.9982666666666666
0.7391647744101096,0.9982666666666666
0.73923775671406,0.9982666666666666
0.7393107534314209,0.9982666666666666
0.7393837645664626,0.9982666666666666
0.7394567901234568,0.9982666666666666
0.7395298301066772,0.9982666666666666
0.7396028845203991,0.9982666666666666
0.7396759533688995,0.9982666666666666
0.7397490366564569,0.9982666666666666
0.7398221343873518,0.9982666666666666
0.7398952465658661,0.9982666666666666
0.7399683731962838,0.9982666666666666
0.7400415142828902,0.9982666666666666
0.7401146698299723,0.9982666666666666
0.7401878398418191,0.9982666666666666
0.740261024322721,0.9982666666666666
0.7403342232769702,0.9982666666666666
0.7404074367088608,0.9982666666666666
0.7404806646226881,0.9982666666666666
0.7406271639133446,0.9982666666666666
0.7407004352987733,0.9982666666666666
0.7407737211833383,0.9982666666666666
0.7408470215713437,0.9982666666666666
0.7409203364670955,0.9982666666666666
0.740993665874901,0.9982666666666666
0.7410670097990696,0.9982666666666666
0.741140368243912,0.9982666666666666
0.7412137412137412,0.9982666666666666
0.7412871287128713,0.9982666666666666
0.7413605307456184,0.9982666666666666
0.7414339473163003,0.9982666666666666
0.7415073784292364,0.9982666666666666
0.741580824088748,0.9982666666666666
0.741654284299158,0.9982666666666666
0.7417277590647909,0.9982666666666666
0.7418012483899733,0.9982666666666666
0.7418747522790329,0.9982666666666666
0.7419482707362997,0.9982666666666666
0.742021803766105,0.9982666666666666
0.7420953513727823,0.9982666666666666
0.7421689135606662,0.9982666666666666
0.7422424903340934,0.9982666666666666
0.7423160816974024,0.9982666666666666
0.7423896876549331,0.9982666666666666
0.7424633082110274,0.9982666666666666
0.7425369433700287,0.9982666666666666
0.7426105931362825,0.9982666666666666
0.7426842575141355,0.9982666666666666
0.7427579365079365,0.9982666666666666
0.7428316301220359,0.9982666666666666
0.7429053383607859,0.9982666666666666
0.7429790612285403,0.9982666666666666
0.7430527987296546,0.9982666666666666
0.7431265508684863,0.9982666666666666
0.7432003176493944,0.9982666666666666
0.7432740990767398,0.9982666666666666
0.7433478951548849,0.9982666666666666
0.7434217058881938,0.9982666666666666
0.7434955312810327,0.9982666666666666
0.7435693713377693,0.9982666666666666
0.7436432260627731,0.9982666666666666
0.7437170954604152,0.9982666666666666
0.7437909795350686,0.9982666666666666
0.7438648782911078,0.9982666666666666
0.7439387917329093,0.9982666666666666
0.7440127198648514,0.9982666666666666
0.7440866626913138,0.9982666666666666
0.7441606202166783,0.9982666666666666
0.7442345924453281,0.9982666666666666
0.7443085793816483,0.9982666666666666
0.7443825810300259,0.9982666666666666
0.7444565973948494,0.9982666666666666
0.7445306284805091,0.9982666666666666
0.7446046742913973,0.9982666666666666
0.7446787348319077,0.9982666666666666
0.7447528101064359,0.9982666666666666
0.7448269001193792,0.9982666666666666
0.7449010048751368,0.9982666666666666
0.7449751243781094,0.9982666666666666
0.7450492586326998,0.9982666666666666
0.7451234076433121,0.9982666666666666
0.7451975714143525,0.9982666666666666
0.7452717499502289,0.9982666666666666
0.745345943255351,0.9982666666666666
0.7454201513341299,0.9982666666666666
0.7454943741909787,0.9982666666666666
0.7455686118303126,0.9982666666666666
0.7456428642565481,0.9982666666666666
0.7457171314741036,0.9982666666666666
0.7457914134873992,0.9982666666666666
0.7457660888623232,0.9981333333333333
0.7458403905549467,0.9981333333333333
0.7459147070546034,0.9981333333333333
0.74598903836572,0.9981333333333333
0.7460633844927247,0.9981333333333333
0.7461377454400479,0.9981333333333333
0.7462121212121212,0.9981333333333333
0.7462865118133786,0.9981333333333333
0.7463609172482553,0.9981333333333333
0.7464353375211885,0.9981333333333333
0.7465097726366174,0.9981333333333333
0.7465842225989827,0.9981333333333333
0.7466586874127269,0.9981333333333333
0.7467331670822943,0.9981333333333333
0.7468076616121309,0.9981333333333333
0.7468821710066846,0.9981333333333333
0.7469566952704051,0.9981333333333333
0.7470312344077438,0.9981333333333333
0.7471057884231537,0.9981333333333333
0.7471803573210899,0.9981333333333333
0.7472549411060092,0.9981333333333333
0.7473295397823699,0.9981333333333333
0.7474041533546326,0.9981333333333333
0.7474787818272591,0.9981333333333333
0.7475534252047134,0.9981333333333333
0.7476280834914611,0.9981333333333333
0.7477027566919696,0.9981333333333333
0.7477774448107082,0.9981333333333333
0.7478521478521478,0.9981333333333333
0.7479268658207613,0.9981333333333333
0.7480015987210232,0.9981333333333333
0.7480763465574098,0.9981333333333333
0.7481511093343993,0.9981333333333333
0.7482258870564718,0.9981333333333333
0.7483006797281088,0.9981333333333333
0.7483754873537939,0.9981333333333333
0.7484503099380124,0.9981333333333333
0.7485251474852515,0.9981333333333333
0.7486,0.9981333333333333
0.7486748674867487,0.9981333333333333
0.74874974994999,0.9981333333333333
0.7488246473942183,0.9981333333333333
0.7488995598239295,0.9981333333333333
0.7489744872436218,0.9981333333333333
0.7490494296577946,0.9981333333333333
0.7491243870709496,0.9981333333333333
0.7491993594875901,0.9981333333333333
0.749274346912221,0.9981333333333333
0.7493493493493494,0.9981333333333333
0.7494243668034838,0.9981333333333333
0.749499399279135,0.9981333333333333
0.7495744467808151,0.9981333333333333
0.7496495093130382,0.9981333333333333
0.7497245868803205,0.9981333333333333
0.7497996794871795,0.9981333333333333
0.7498747871381348,0.9981333333333333
0.7499499098377079,0.9981333333333333
0.7500250475904218,0.9981333333333333
0.7501002004008016,0.9981333333333333
0.750175368273374,0.9981333333333333
0.7502505512126678,0.9981333333333333
0.7503257492232134,0.9981333333333333
0.7504009623095429,0.9981333333333333
0.7504761904761905,0.9981333333333333
0.750551433727692,0.9981333333333333
0.7506266920685852,0.9981333333333333
0.7506016847172082,0.998
0.7506769631932605,0.998
0.7507522567703109,0.998
0.750827565452904,0.998
0.7509028892455859,0.998
0.7509782281529046,0.998
0.75105358217941,0.998
0.7511289513296537,0.998
0.7512043356081894,0.998
0.7512797350195725,0.998
0.7513551495683598,0.998
0.7514305792591105,0.998
0.7515060240963856,0.998
0.7515814840847475,0.998
0.7516569592287607,0.998
0.7517324495329919,0.998
0.7518079550020088,0.998
0.7518834756403817,0.998
0.7519590114526823,0.998
0.7520345624434843,0.998
0.7521101286173634,0.998
0.7521857099788966,0.998
0.7522613065326633,0.998
0.7523369182832446,0.998
0.7524125452352232,0.998
0.7524881873931839,0.998
0.7525638447617132,0.998
0.7526395173453997,0.998
0.7527152051488335,0.998
0.7527909081766067,0.998
0.7528666264333133,0.998
0.752942359923549,0.998
0.7530181086519114,0.998
0.7530938726230003,0.998
0.7531696518414168,0.998
0.7532454463117642,0.998
0.7533212560386473,0.998
0.7533970810266734,0.998
0.753472921280451,0.998
0.7535487768045908,0.998
0.7536246476037052,0.998
0.7537005336824086,0.998
0.7537764350453172,0.998
0.753852351697049,0.998
0.753928283642224,0.998
0.7540042308854639,0.998
0.7540801934313923,0.998
0.7541561712846347,0.998
0.7542321644498187,0.998
0.7543081729315732,0.998
0.7543841967345293,0.998
0.7544602358633202,0.998
0.7545362903225806,0.998
0.7546123601169473,0.998
0.7546884452510587,0.998
0.7547645457295553,0.998
0.7548406615570795,0.998
0.7549167927382754,0.998
0.754992939277789,0.998
0.7550691011802684,0.998
0.7551452784503632,0.998
0.7552214710927253,0.998
0.7552976791120081,0.998
0.7553739025128671,0.998
0.7554501412999596,0.998
0.7555263954779449,0.998
0.755602665051484,0.998
0.7556789500252398,0.998
0.7557552504038773,0.998
0.755831566192063,0.998
0.7559078973944657,0.998
0.755984244015756,0.998
0.7560606060606061,0.998
0.7561369835336903,0.998
0.7562133764396848,0.998
0.7562897847832677,0.998
0.7563662085691188,0.998
0.7564426478019202,0.998
0.7565191024863553,0.998
0.7565955726271101,0.998
0.7566720582288718,0.998
0.75674855929633,0.998
0.7568250758341759,0.998
0.7569016078471028,0.998
0.7569781553398058,0.998
0.7570547183169819,0.998
0.7571312967833299,0.998
0.7572078907435509,0.998
0.7572845002023473,0.998
0.7573611251644238,0.998
0.757437765634487,0.998
0.7575144216172452,0.998
0.7575910931174089,0.998
0.7576677801396903,0.998
0.7577444826888035,0.998
0.7578212007694645,0.998
0.7578979343863913,0.998
0.7579746835443038,0.998
0.7580514482479238,0.998
0.758128228501975,0.998
0.7582050243111832,0.998
0.7582818356802755,0.998
0.7583586626139818,0.998
0.7584355051170332,0.998
0.7585123631941629,0.998
0.7585892368501064,0.998
0.7586661260896006,0.998
0.7587430309173847,0.998
0.7588199513381995,0.998
0.758896887356788,0.998
0.7589738389778949,0.998
0.7590508062062671,0.998
0.7591277890466531,0.998
0.7592047875038036,0.998
0.759281801582471,0.998
0.75935883128741,0.998
0.7594358766233766,0.998
0.7595129375951294,0.998
0.7595900142074284,0.998
0.759667106465036,0.998
0.7597442143727162,0.998
0.759821337935235,0.998
0.7598984771573604,0.998
0.7599756320438623,0.998
0.7600528025995126,0.998
0.760129988829085,0.998
0.7602071907373553,0.998
0.760284408329101,0.998
0.760361641609102,0.998
0.7604388905821395,0.998
0.7605161552529973,0.998
0.7605934356264608,0.998
0.760670731707317,0.998
0.7607480435003557,0.998
0.760825371010368,0.998
0.760902714242147,0.998
0.760980073200488,0.998
0.7610574478901881,0.998
0.7611348383160463,0.998
0.7612122444828638,0.998
0.7612896663954435,0.998
0.7613671040585902,0.998
0.7614445574771109,0.998
0.7615220266558145,0.998
0.7615995115995116,0.998
0.7616770123130152,0.998
0.7617545288011398,0.998
0.7618320610687023,0.998
0.7619096091205212,0.998
0.761987172961417,0.998
0.7620647525962125,0.998
0.7621423480297322,0.998
0.7622199592668024,0.998
0.7622975863122518,0.998
0.7623752291709106,0.998
0.7624528878476113,0.998
0.7625305623471883,0.998
0.7626082526744778,0.998
0.7626859588343183,0.998
0.76276368083155,0.998
0.7628414186710151,0.998
0.7629191723575578,0.998
0.7629969418960245,0.998
0.7630747272912631,0.998
0.763152528548124,0.998
0.7632303456714592,0.998
0.7633081786661228,0.998
0.7633860275369709,0.998
0.7634638922888617,0.998
0.7635417729266551,0.998
0.7636196694552132,0.998
0.7636975818794001,0.998
0.7637755102040816,0.998
0.7638534544341259,0.998
0.763931414574403,0.998
0.7640093906297847,0.998
0.764087382605145,0.998
0.7641653905053599,0.998
0.7642434143353073,0.998
0.7643214540998673,0.998
0.7643995098039216,0.998
0.7644775814523542,0.998
0.7645556690500511,0.998
0.7646337726019001,0.998
0.7647118921127912,0.998
0.7647900275876163,0.998
0.7648681790312691,0.998
0.7649463464486459,0.998
0.7650245298446443,0.998
0.7651027292241643,0.998
0.765180944592108,0.998
0.765259175953379,0.998
0.7653374233128835,0.998
0.7654156866755292,0.998
0.7654939660462262,0.998
0.7655722614298864,0.998
0.7656505728314239,0.998
0.7657289002557545,0.998
0.7658072437077962,0.998
0.765885603192469,0.998
0.765963978714695,0.998
0.7660423702793983,0.998
0.7661207778915046,0.998
0.7661992015559422,0.998
0.7662776412776413,0.998
0.7663560970615337,0.998
0.7664345689125538,0.998
0.7665130568356375,0.998
0.7665915608357231,0.998
0.7666700809177507,0.998
0.7667486170866625,0.998
0.7668271693474029,0.998
0.766905737704918,0.998
0.7669843221641561,0.998
0.7670629227300676,0.998
0.7671415394076048,0.998
0.767220172201722,0.998
0.7672988211173757,0.998
0.7673774861595243,0.998
0.7674561673331283,0.998
0.7675348646431501,0.998
0.7676135780945544,0.998
0.7676923076923077,0.998
0.7677710534413786,0.998
0.7678498153467378,0.998
0.767928593413358,0.998
0.7680073876462138,0.998
0.7680861980502822,0.998
0.7681650246305419,0.998
0.7682438673919737,0.998
0.7683227263395607,0.998
0.7684016014782876,0.998
0.7684804928131417,0.998
0.7685594003491119,0.998
0.7686383240911892,0.998
0.7687172640443668,0.998
0.7687962202136401,0.998
0.7688751926040062,0.998
0.7689541812204643,0.998
0.7690331860680161,0.998
0.7691122071516646,0.998
0.7691912444764156,0.998
0.7692702980472764,0.998
0.7693493678692569,0.998
0.7694284539473685,0.998
0.7695075562866248,0.998
0.7695866748920419,0.998
0.7696658097686375,0.998
0.7697449609214315,0.998
0.7698241283554459,0.998
0.7699033120757046,0.998
0.7699825120872338,0.998
0.7700617283950617,0.998
0.7701409610042186,0.998
0.7702202099197366,0.998
0.7702994751466502,0.998
0.7703787566899959,0.998
0.7704580545548122,0.998
0.7705373687461395,0.998
0.7706166992690209,0.998
0.7706960461285008,0.998
0.7707754093296262,0.998
0.770854788877446,0.998
0.770934184777011,0.998
0.7710135970333746,0.998
0.7710930256515917,0.998
0.7711724706367196,0.998
0.7712519319938176,0.998
0.7713314097279472,0.998
0.7714109038441719,0.998
0.7714904143475572,0.998
0.7715699412431708,0.998
0.7716494845360825,0.998
0.771729044231364,0.998
0.7718086203340895,0.998
0.7718882128493348,0.998
0.7719678217821783,0.998
0.7720474471376998,0.998
0.772127088920982,0.998
0.7722067471371092,0.998
0.772286421791168,0.998
0.7723661128882469,0.998
0.7724458204334366,0.998
0.7725255444318299,0.998
0.7726052848885219,0.998
0.7726850418086095,0.998
0.7727648151971919,0.998
0.7728446050593701,0.998
0.7729244114002478,0.998
0.7730042342249303,0.998
0.7730840735385252,0.998
0.773163929346142,0.998
0.7732438016528925,0.998
0.7733236904638909,0.998
0.773403595784253,0.998
0.7734835176190968,0.998
0.7735634559735428,0.998
0.7736434108527132,0.998
0.7737233822617324,0.998
0.7738033702057273,0.998
0.7738833746898263,0.998
0.7739633957191604,0.998
0.7740434332988625,0.998
0.7741234874340677,0.998
0.7742035581299131,0.998
0.7742836453915383,0.998
0.7743637492240845,0.998
0.7744438696326953,0.998
0.7745240066225165,0.998
0.774604160198696,0.998
0.7746843303663837,0.998
0.7747645171307318,0.998
0.7748447204968945,0.998
0.7749249404700279,0.998
0.7750051770552909,0.998
0.775085430257844,0.998
0.77516570008285,0.998
0.7752459865354738,0.998
0.7753262896208826,0.998
0.7754066093442453,0.998
0.7754869457107335,0.998
0.7755672987255207,0.998
0.7756476683937824,0.998
0.7757280547206964,0.998
0.7758084577114428,0.998
0.7758888773712035,0.998
0.7759693137051628,0.998
0.776049766718507,0.998
0.7761302364164248,0.998
0.7762107228041066,0.998
0.7762912258867455,0.998
0.7763717456695364,0.998
0.7764522821576764,0.998
0.7765328353563647,0.998
0.776613405270803,0.998
0.7766939919061949,0.998
0.776774595267746,0.998
0.7768552153606643,0.998
0.7769358521901598,0.998
0.777016505761445,0.998
0.7770971760797342,0.998
0.777177863150244,0.998
0.7772585669781932,0.998
0.7773392875688026,0.998
0.7774200249272953,0.998
0.7775007790588968,0.998
0.7775815499688344,0.998
0.7776623376623376,0.998
0.7777431421446384,0.998
0.7778239634209706,0.998
0.7779048014965704,0.998
0.777985656376676,0.998
0.7780665280665281,0.998
0.7781474165713692,0.998
0.7782283218964442,0.998
0.7783092440470001,0.998
0.7783901830282862,0.998
0.7784711388455539,0.998
0.7785521115040566,0.998
0.7786331010090503,0.998
0.7787141073657927,0.998
0.7787951305795443,0.998
0.7788761706555671,0.998
0.7789572275991258,0.998
0.7790383014154871,0.998
0.7791193921099199,0.998
0.7792004996876952,0.998
0.7792816241540864,0.998
0.779362765514369,0.998
0.7794439237738207,0.998
0.7795250989377213,0.998
0.779606291011353,0.998
0.7796875,0.998
0.7797687259089489,0.998
0.7798499687434882,0.998
0.7799312285089091,0.998
0.7800125052105044,0.998
0.7800937988535696,0.998
0.7801751094434022,0.998
0.7802564369853018,0.998
0.7803377814845704,0.998
0.7804191429465124,0.998
0.7805005213764338,0.998
0.7805819167796434,0.998
0.7806633291614519,0.998
0.7807447585271722,0.998
0.7808262048821197,0.998
0.7809076682316118,0.998
0.7809891485809682,0.998
0.7810706459355108,0.998
0.7811521603005636,0.998
0.7812336916814528,0.998
0.7813152400835073,0.998
0.7813968055120576,0.998
0.7814783879724368,0.998
0.7815599874699801,0.998
0.781641604010025,0.998
0.7817232375979112,0.998
0.7818048882389805,0.998
0.7818865559385773,0.998
0.7819682407020476,0.998
0.7820499425347404,0.998
0.7821316614420063,0.998
0.7822133974291985,0.998
0.7822951505016722,0.998
0.7823769206647851,0.998
0.7824587079238972,0.998
0.78254051228437,0.998
0.7826223337515684,0.998
0.7827041723308585,0.998
0.7827860280276093,0.998
0.7828679008471917,0.998
0.7829497907949791,0.998
0.7830316978763469,0.998
0.7831136220966729,0.998
0.7831955634613372,0.998
0.7832775219757221,0.998
0.783359497645212,0.998
0.7834414904751936,0.998
0.7835235004710562,0.998
0.783500837520938,0.9978666666666667
0.7835828709035703,0.9978666666666667
0.7836649214659686,0.9978666666666667
0.7837469892135303,0.9978666666666667
0.7838290741516548,0.9978666666666667
0.7839111762857442,0.9978666666666667
0.7839932956212026,0.9978666666666667
0.7840754321634363,0.9978666666666667
0.7841575859178541,0.9978666666666667
0.7842397568898669,0.9978666666666667
0.7843219450848878,0.9978666666666667
0.7844041505083325,0.9978666666666667
0.7844863731656184,0.9978666666666667
0.7845686130621659,0.9978666666666667
0.784650870203397,0.9978666666666667
0.7847331445947363,0.9978666666666667
0.7848154362416108,0.9978666666666667
0.7848977451494494,0.9978666666666667
0.7849800713236836,0.9978666666666667
0.7850624147697471,0.9978666666666667
0.7851447754930759,0.9978666666666667
0.7852271534991082,0.9978666666666667
0.7853095487932844,0.9978666666666667
0.7853919613810473,0.9978666666666667
0.7854743912678421,0.9978666666666667
0.7855568384591162,0.9978666666666667
0.7856393029603191,0.9978666666666667
0.7857217847769029,0.9978666666666667
0.7858042839143217,0.9978666666666667
0.7858868003780322,0.9978666666666667
0.785969334173493,0.9978666666666667
0.7860518853061653,0.9978666666666667
0.7861344537815126,0.9978666666666667
0.7862170396050006,0.9978666666666667
0.7862996427820971,0.9978666666666667
0.7863822633182725,0.9978666666666667
0.7864649012189996,0.9978666666666667
0.786547556489753,0.9978666666666667
0.7866302291360101,0.9978666666666667
0.7867129191632503,0.9978666666666667
0.7867956265769555,0.9978666666666667
0.7868783513826096,0.9978666666666667
0.7869610935856992,0.9978666666666667
0.7870438531917131,0.9978666666666667
0.7871266302061422,0.9978666666666667
0.7872094246344798,0.9978666666666667
0.7872922364822218,0.9978666666666667
0.7873750657548658,0.9978666666666667
0.7874579124579124,0.9978666666666667
0.7875407765968642,0.9978666666666667
0.7876236581772258,0.9978666666666667
0.7877065572045048,0.9978666666666667
0.7877894736842105,0.9978666666666667
0.787872407621855,0.9978666666666667
0.7879553590229522,0.9978666666666667
0.7880383278930189,0.9978666666666667
0.7881213142375737,0.9978666666666667
0.788204318062138,0.9978666666666667
0.788287339372235,0.9978666666666667
0.788370378173391,0.9978666666666667
0.7884534344711336,0.9978666666666667
0.7885365082709935,0.9978666666666667
0.7886195995785037,0.9978666666666667
0.7887027083991991,0.9978666666666667
0.7887858347386172,0.9978666666666667
0.7888689786022979,0.9978666666666667
0.7889521399957833,0.9978666666666667
0.7890353189246179,0.9978666666666667
0.7891185153943484,0.9978666666666667
0.7892017294105241,0.9978666666666667
0.7892849609786965,0.9978666666666667
0.7893682101044194,0.9978666666666667
0.7894514767932489,0.9978666666666667
0.7895347610507437,0.9978666666666667
0.7896180628824646,0.9978666666666667
0.7897013822939749,0.9978666666666667
0.78978471929084,0.9978666666666667
0.789868073878628,0.9978666666666667
0.789951446062909,0.9978666666666667
0.7900348358492558,0.9978666666666667
0.7901182432432432,0.9978666666666667
0.7902016682504487,0.9978666666666667
0.7902851108764519,0.9978666666666667
0.7903685711268349,0.9978666666666667
0.7904520490071821,0.9978666666666667
0.7905355445230802,0.9978666666666667
0.7906190576801183,0.9978666666666667
0.790702588483888,0.9978666666666667
0.7907861369399831,0.9978666666666667
0.7908697030539998,0.9978666666666667
0.7909532868315367,0.9978666666666667
0.7910368882781947,0.9978666666666667
0.7911205073995772,0.9978666666666667
0.7912041442012898,0.9978666666666667
0.7912877986889406,0.9978666666666667
0.79137147086814,0.9978666666666667
0.7914551607445008,0.9978666666666667
0.7915388683236383,0.9978666666666667
0.7916225936111698,0.9978666666666667
0.7917063366127155,0.9978666666666667
0.7917900973338976,0.9978666666666667
0.7918738757803407,0.9978666666666667
0.791957671957672,0.9978666666666667
0.7920414858715208,0.9978666666666667
0.792125317527519,0.9978666666666667
0.792209166931301,0.9978666666666667
0.792293034088503,0.9978666666666667
0.7923769190047645,0.9978666666666667
0.7924608216857264,0.9978666666666667
0.7925447421370327,0.9978666666666667
0.7926286803643295,0.9978666666666667
0.7927126363732655,0.9978666666666667
0.7927966101694915,0.9978666666666667
0.7928806017586609,0.9978666666666667
0.7929646111464294,0.9978666666666667
0.7930486383384551,0.9978666666666667
0.7931326833403984,0.9978666666666667
0.7932167461579226,0.9978666666666667
0.7933008267966928,0.9978666666666667
0.7933849252623768,0.9978666666666667
0.7934690415606446,0.9978666666666667
0.7935531756971689,0.9978666666666667
0.7936373276776246,0.9978666666666667
0.7937214975076891,0.9978666666666667
0.793805685193042,0.9978666666666667
0.7938898907393657,0.9978666666666667
0.7939741141523445,0.9978666666666667
0.7940583554376658,0.9978666666666667
0.7941426146010186,0.9978666666666667
0.7942268916480951,0.9978666666666667
0.7943111865845892,0.9978666666666667
0.7943954994161978,0.9978666666666667
0.79447983014862,0.9978666666666667
0.794564178787557,0.9978666666666667
0.7946485453387131,0.9978666666666667
0.7947329298077944,0.9978666666666667
0.7948173322005098,0.9978666666666667
0.7949017525225703,0.9978666666666667
0.7949861907796898,0.9978666666666667
0.7950706469775842,0.9978666666666667
0.795155121121972,0.9978666666666667
0.7952396132185741,0.9978666666666667
0.7953241232731137,0.9978666666666667
0.7954086512913168,0.9978666666666667
0.7954931972789115,0.9978666666666667
0.7955777612416286,0.9978666666666667
0.7956623431852009,0.9978666666666667
0.7957469431153642,0.9978666666666667
0.7958315610378562,0.9978666666666667
0.7959161969584175,0.9978666666666667
0.7960008508827909,0.9978666666666667
0.7960855228167216,0.9978666666666667
0.7961702127659575,0.9978666666666667
0.7962549207362485,0.9978666666666667
0.7963396467333476,0.9978666666666667
0.7964243907630095,0.9978666666666667
0.7965091528309919,0.9978666666666667
0.7965939329430548,0.9978666666666667
0.7966787311049606,0.9978666666666667
0.7967635473224742,0.9978666666666667
0.7968483816013628,0.9978666666666667
0.7969332339473965,0.9978666666666667
0.7970181043663471,0.9978666666666667
0.7971029928639898,0.9978666666666667
0.7971878994461014,0.9978666666666667
0.7972728241184617,0.9978666666666667
0.7973577668868528,0.9978666666666667
0.7974427277570592,0.9978666666666667
0.7975277067348678,0.9978666666666667
0.7976127038260684,0.9978666666666667
0.7976977190364528,0.9978666666666667
0.7977827523718154,0.9978666666666667
0.7978678038379531,0.9978666666666667
0.7979528734406653,0.9978666666666667
0.7980379611857539,0.9978666666666667
0.7981230670790231,0.9978666666666667
0.7982081911262798,0.9978666666666667
0.7982933333333333,0.9978666666666667
0.7982718156603371,0.9977333333333334
0.7983569828230023,0.9977333333333334
0.798442168160478,0.9977333333333334
0.7985273716785829,0.9977333333333334
0.7986125933831377,0.9977333333333334
0.7986978332799658,0.9977333333333334
0.7987830913748932,0.9977333333333334
0.7988683676737482,0.9977333333333334
0.7989536621823617,0.9977333333333334
0.7990389749065671,0.9977333333333334
0.7991243058522,0.9977333333333334
0.7992096550250988,0.9977333333333334
0.7992950224311045,0.9977333333333334
0.7993804080760603,0.9977333333333334
0.799465811965812,0.9977333333333334
0.7995512341062079,0.9977333333333334
0.7996366745030989,0.9977333333333334
0.7997221331623383,0.9977333333333334
0.799807610089782,0.9977333333333334
0.7998931052912881,0.9977333333333334
0.7999786187727176,0.9977333333333334
0.8000641505399337,0.9977333333333334
0.8001497005988024,0.9977333333333334
0.8002352689551919,0.9977333333333334
0.8003208556149732,0.9977333333333334
0.8004064605840197,0.9977333333333334
0.8004920838682071,0.9977333333333334
0.8005777254734139,0.9977333333333334
0.8006633854055211,0.9977333333333334
0.800749063670412,0.9977333333333334
0.8008347602739726,0.9977333333333334
0.8009204752220914,0.9977333333333334
0.8010062085206594,0.9977333333333334
0.80109196017557,0.9977333333333334
0.8011777301927195,0.9977333333333334
0.8012635185780063,0.9977333333333334
0.8013493253373314,0.9977333333333334
0.8014351504765985,0.9977333333333334
0.8015209940017138,0.9977333333333334
0.8016068559185859,0.9977333333333334
0.8016927362331262,0.9977333333333334
0.8017786349512482,0.9977333333333334
0.8018645520788684,0.9977333333333334
0.8019504876219055,0.9977333333333334
0.8020364415862808,0.9977333333333334
0.8021224139779183,0.9977333333333334
0.8022084048027445,0.9977333333333334
0.8022944140666881,0.9977333333333334
0.8023804417756809,0.9977333333333334
0.8024664879356569,0.9977333333333334
0.8025525525525525,0.9977333333333334
0.8026386356323072,0.9977333333333334
0.8027247371808625,0.9977333333333334
0.8028108572041627,0.9977333333333334
0.8028969957081545,0.9977333333333334
0.8029831526987874,0.9977333333333334
0.8030693281820133,0.9977333333333334
0.8031555221637866,0.9977333333333334
0.8032417346500644,0.9977333333333334
0.8033279656468062,0.9977333333333334
0.8034142151599742,0.9977333333333334
0.8035004831955331,0.9977333333333334
0.8035867697594502,0.9977333333333334
0.8036730748576952,0.9977333333333334
0.8037593984962406,0.9977333333333334
0.8038457406810613,0.9977333333333334
0.803932101418135,0.9977333333333334
0.8040184807134415,0.9977333333333334
0.8041048785729636,0.9977333333333334
0.8041912950026867,0.9977333333333334
0.8042777300085985,0.9977333333333334
0.8043641835966893,0.9977333333333334
0.804450655772952,0.9977333333333334
0.8045371465433825,0.9977333333333334
0.8046236559139784,0.9977333333333334
0.8047101838907409,0.9977333333333334
0.804796730479673,0.9977333333333334
0.8048832956867806,0.9977333333333334
0.8049698795180723,0.9977333333333334
0.8050564819795589,0.9977333333333334
0.8051431030772541,0.9977333333333334
0.8052297428171742,0.9977333333333334
0.8053164012053379,0.9977333333333334
0.8054030782477667,0.9977333333333334
0.8054897739504844,0.9977333333333334
0.8055764883195177,0.9977333333333334
0.8056632213608957,0.9977333333333334
0.8057499730806503,0.9977333333333334
0.8058367434848158,0.9977333333333334
0.8059235325794292,0.9977333333333334
0.80601034037053,0.9977333333333334
0.8060971668641603,0.9977333333333334
0.806184012066365,0.9977333333333334
0.8062708759831915,0.9977333333333334
0.8063577586206897,0.9977333333333334
0.8064446599849122,0.9977333333333334
0.8065315800819142,0.9977333333333334
0.8066185189177536,0.9977333333333334
0.8067054764984908,0.9977333333333334
0.8067924528301886,0.9977333333333334
0.8068794479189131,0.9977333333333334
0.8069664617707323,0.9977333333333334
0.807053494391717,0.9977333333333334
0.8071405457879409,0.9977333333333334
0.8072276159654801,0.9977333333333334
0.8073147049304132,0.9977333333333334
0.8074018126888217,0.9977333333333334
0.8074889392467897,0.9977333333333334
0.8075760846104036,0.9977333333333334
0.8076632487857528,0.9977333333333334
0.8077504317789291,0.9977333333333334
0.8078376335960272,0.9977333333333334
0.807924854243144,0.9977333333333334
0.8080120937263794,0.9977333333333334
0.8080993520518358,0.9977333333333334
0.8081866292256183,0.9977333333333334
0.8082739252538346,0.9977333333333334
0.8083612401425948,0.9977333333333334
0.8084485738980121,0.9977333333333334
0.8085359265262021,0.9977333333333334
0.8086232980332829,0.9977333333333334
0.8087106884253755,0.9977333333333334
0.8087980977086036,0.9977333333333334
0.808885525889093,0.9977333333333334
0.808972972972973,0.9977333333333334
0.8090604389663747,0.9977333333333334
0.8091479238754326,0.9977333333333334
0.8092354277062831,0.9977333333333334
0.809322950465066,0.9977333333333334
0.8094104921579232,0.9977333333333334
0.8094980527909996,0.9977333333333334
0.8095856323704425,0.9977333333333334
0.8096732309024021,0.9977333333333334
0.8097608483930311,0.9977333333333334
0.8098484848484848,0.9977333333333334
0.8099361402749216,0.9977333333333334
0.8100238146785018,0.9977333333333334
0.8101115080653892,0.9977333333333334
0.8101992204417496,0.9977333333333334
0.810286951813752,0.9977333333333334
0.8103747021875677,0.9977333333333334
0.8104624715693708,0.9977333333333334
0.8105502599653379,0.9977333333333334
0.8106380673816488,0.9977333333333334
0.8107258938244853,0.9977333333333334
0.8108137393000325,0.9977333333333334
0.8109016038144776,0.9977333333333334
0.8109894873740111,0.9977333333333334
0.8110773899848255,0.9977333333333334
0.8111653116531166,0.9977333333333334
0.8112532523850824,0.9977333333333334
0.811341212186924,0.9977333333333334
0.8114291910648449,0.9977333333333334
0.8115171890250515,0.9977333333333334
0.8116052060737527,0.9977333333333334
0.8116932422171602,0.9977333333333334
0.8117812974614884,0.9977333333333334
0.8118693718129544,0.9977333333333334
0.8119574652777778,0.9977333333333334
0.8120455778621812,0.9977333333333334
0.8121337095723898,0.9977333333333334
0.8122218604146315,0.9977333333333334
0.8123100303951368,0.9977333333333334
0.8123982195201389,0.9977333333333334
0.8124864277958741,0.9977333333333334
0.8125746552285807,0.9977333333333334
0.8126629018245004,0.9977333333333334
0.8127511675898773,0.9977333333333334
0.812839452530958,0.9977333333333334
0.8129277566539924,0.9977333333333334
0.8130160799652325,0.9977333333333334
0.8131044224709334,0.9977333333333334
0.8131927841773527,0.9977333333333334
0.813281165090751,0.9977333333333334
0.8133695652173913,0.9977333333333334
0.8134579845635395,0.9977333333333334
0.8135464231354642,0.9977333333333334
0.8136348809394368,0.9977333333333334
0.8137233579817312,0.9977333333333334
0.8138118542686242,0.9977333333333334
0.8139003698063955,0.9977333333333334
0.8139889046013271,0.9977333333333334
0.814077458659704,0.9977333333333334
0.8141660319878141,0.9977333333333334
0.8142546245919478,0.9977333333333334
0.8143432364783981,0.9977333333333334
0.814431867653461,0.9977333333333334
0.8145205181234353,0.9977333333333334
0.8146091878946222,0.9977333333333334
0.8146978769733261,0.9977333333333334
0.8147865853658537,0.9977333333333334
0.8148753130785147,0.9977333333333334
0.8149640601176215,0.9977333333333334
0.8150528264894892,0.9977333333333334
0.8151416122004357,0.9977333333333334
0.8152304172567818,0.9977333333333334
0.8153192416648507,0.9977333333333334
0.8154080854309688,0.9977333333333334
0.8154969485614647,0.9977333333333334
0.8155858310626704,0.9977333333333334
0.81567473294092,0.9977333333333334
0.8157636542025509,0.9977333333333334
0.8158525948539032,0.9977333333333334
0.8159415549013194,0.9977333333333334
0.816030534351145,0.9977333333333334
0.8161195332097284,0.9977333333333334
0.8162085514834206,0.9977333333333334
0.8162975891785753,0.9977333333333334
0.8163866463015492,0.9977333333333334
0.8164757228587016,0.9977333333333334
0.8165648188563945,0.9977333333333334
0.8166539343009931,0.9977333333333334
0.8167430691988649,0.9977333333333334
0.8168322235563803,0.9977333333333334
0.8169213973799127,0.9977333333333334
0.8170105906758379,0.9977333333333334
0.817099803450535,0.9977333333333334
0.8171890357103855,0.9977333333333334
0.8172782874617737,0.9977333333333334
0.8173675587110868,0.9977333333333334
0.8174568494647149,0.9977333333333334
0.8175461597290505,0.9977333333333334
0.8176354895104895,0.9977333333333334
0.81772483881543,0.9977333333333334
0.8178142076502732,0.9977333333333334
0.8179035960214232,0.9977333333333334
0.8179930039352864,0.9977333333333334
0.8180824313982726,0.9977333333333334
0.8181718784167942,0.9977333333333334
0.8182613449972662,0.9977333333333334
0.8183508311461067,0.9977333333333334
0.8184403368697364,0.9977333333333334
0.8185298621745789,0.9977333333333334
0.8186194070670605,0.9977333333333334
0.8187089715536106,0.9977333333333334
0.818798555640661,0.9977333333333334
0.8188881593346465,0.9977333333333334
0.818977782642005,0.9977333333333334
0.8190674255691769,0.9977333333333334
0.8191570881226053,0.9977333333333334
0.8192467703087366,0.9977333333333334
0.8193364721340195,0.9977333333333334
0.8194261936049059,0.9977333333333334
0.8195159347278502,0.9977333333333334
0.81960569550931,0.9977333333333334
0.8196954759557454,0.9977333333333334
0.8197852760736196,0.9977333333333334
0.8198750958693984,0.9977333333333334
0.8199649353495507,0.9977333333333334
0.820054794520548,0.9977333333333334
0.8201446733888645,0.9977333333333334
0.8202345719609777,0.9977333333333334
0.8203244902433677,0.9977333333333334
0.8204144282425173,0.9977333333333334
0.8205043859649123,0.9977333333333334
0.8205943634170414,0.9977333333333334
0.820684360605396,0.9977333333333334
0.8207743775364703,0.9977333333333334
0.8208644142167617,0.9977333333333334
0.8209544706527702,0.9977333333333334
0.8210445468509985,0.9977333333333334
0.8211346428179523,0.9977333333333334
0.8212247585601404,0.9977333333333334
0.8213148940840742,0.9977333333333334
0.8214050493962678,0.9977333333333334
0.8214952245032385,0.9977333333333334
0.8215854194115064,0.9977333333333334
0.8216756341275941,0.9977333333333334
0.8217658686580277,0.9977333333333334
0.8218561230093355,0.9977333333333334
0.8219463971880492,0.9977333333333334
0.8220366912007031,0.9977333333333334
0.8221270050538343,0.9977333333333334
0.8222173387539831,0.9977333333333334
0.8223076923076923,0.9977333333333334
0.8223980657215079,0.9977333333333334
0.8224884590019784,0.9977333333333334
0.8225788721556557,0.9977333333333334
0.8226693051890941,0.9977333333333334
0.822759758108851,0.9977333333333334
0.8228502309214867,0.9977333333333334
0.8229407236335643,0.9977333333333334
0.8230312362516498,0.9977333333333334
0.8231217687823121,0.9977333333333334
0.8232123212321232,0.9977333333333334
0.8233028936076576,0.9977333333333334
0.823393485915493,0.9977333333333334
0.8234840981622098,0.9977333333333334
0.8235747303543913,0.9977333333333334
0.8236653824986241,0.9977333333333334
0.8237560546014971,0.9977333333333334
0.8238467466696026,0.9977333333333334
0.8239374587095354,0.9977333333333334
0.8240281907278934,0.9977333333333334
0.8241189427312775,0.9977333333333334
0.8242097147262915,0.9977333333333334
0.8243005067195418,0.9977333333333334
0.8243913187176379,0.9977333333333334
0.8244821507271926,0.9977333333333334
0.8245730027548209,0.9977333333333334
0.8246638748071413,0.9977333333333334
0.8247547668907749,0.9977333333333334
0.8248456790123457,0.9977333333333334
0.8249366111784808,0.9977333333333334
0.8250275633958104,0.9977333333333334
0.825118535670967,0.9977333333333334
0.8252095280105867,0.9977333333333334
0.8253005404213081,0.9977333333333334
0.8253915729097728,0.9977333333333334
0.8254826254826255,0.9977333333333334
0.8255736981465137,0.9977333333333334
0.8256647909080879,0.9977333333333334
0.8257559037740013,0.9977333333333334
0.8258470367509105,0.9977333333333334
0.8259381898454746,0.9977333333333334
0.8260293630643559,0.9977333333333334
0.8261205564142194,0.9977333333333334
0.8262117699017335,0.9977333333333334
0.8263030035335689,0.9977333333333334
0.8263942573163998,0.9977333333333334
0.826485531256903,0.9977333333333334
0.8265768253617586,0.9977333333333334
0.8266681396376492,0.9977333333333334
0.8267594740912606,0.9977333333333334
0.8268508287292817,0.9977333333333334
0.8269422035584042,0.9977333333333334
0.8270335985853228,0.9977333333333334
0.8271250138167349,0.9977333333333334
0.8272164492593411,0.9977333333333334
0.8273079049198452,0.9977333333333334
0.8273993808049536,0.9977333333333334
0.8274908769213757,0.9977333333333334
0.827582393275824,0.9977333333333334
0.8276739298750139,0.9977333333333334
0.8277654867256637,0.9977333333333334
0.827857063834495,0.9977333333333334
0.827948661208232,0.9977333333333334
0.8280402788536019,0.9977333333333334
0.8281319167773351,0.9977333333333334
0.828223574986165,0.9977333333333334
0.8283152534868276,0.9977333333333334
0.8284069522860622,0.9977333333333334
0.8284986713906112,0.9977333333333334
0.8285904108072196,0.9977333333333334
0.8286821705426357,0.9977333333333334
0.8287739506036106,0.9977333333333334
0.8288657509968985,0.9977333333333334
0.8289575717292567,0.9977333333333334
0.8290494128074452,0.9977333333333334
0.8291412742382271,0.9977333333333334
0.8292331560283688,0.9977333333333334
0.8293250581846393,0.9977333333333334
0.8294169807138106,0.9977333333333334
0.8295089236226583,0.9977333333333334
0.8296008869179601,0.9977333333333334
0.8296928706064974,0.9977333333333334
0.8297848746950544,0.9977333333333334
0.8298768991904181,0.9977333333333334
0.8299689440993789,0.9977333333333334
0.8300610094287298,0.9977333333333334
0.8301530951852674,0.9977333333333334
0.8302452013757905,0.9977333333333334
0.8303373280071017,0.9977333333333334
0.830429475086006,0.9977333333333334
0.8305216426193118,0.9977333333333334
0.8306138306138307,0.9977333333333334
0.8307060390763765,0.9977333333333334
0.8307982680137671,0.9977333333333334
0.8308905174328226,0.9977333333333334
0.8309827873403665,0.9977333333333334
0.8310750777432252,0.9977333333333334
0.8311673886482284,0.9977333333333334
0.8312597200622084,0.9977333333333334
0.8313520719920009,0.9977333333333334
0.8314444444444444,0.9977333333333334
0.8315368374263807,0.9977333333333334
0.8316292509446543,0.9977333333333334
0.8317216850061131,0.9977333333333334
0.8318141396176079,0.9977333333333334
0.8319066147859923,0.9977333333333334
0.8319991105181231,0.9977333333333334
0.8320916268208607,0.9977333333333334
0.8321841637010676,0.9977333333333334
0.83227672116561,0.9977333333333334
0.832369299221357,0.9977333333333334
0.8324618978751808,0.9977333333333334
0.8325545171339563,0.9977333333333334
0.8326471570045622,0.9977333333333334
0.8327398174938794,0.9977333333333334
0.8328324986087924,0.9977333333333334
0.8329252003561888,0.9977333333333334
0.8330179227429589,0.9977333333333334
0.8331106657759965,0.9977333333333334
0.8332034294621979,0.9977333333333334
0.8332962138084633,0.9977333333333334
0.833389018821695,0.9977333333333334
0.8334818445087993,0.9977333333333334
0.8335746908766849,0.9977333333333334
0.8336675579322638,0.9977333333333334
0.8337604456824512,0.9977333333333334
0.8338533541341654,0.9977333333333334
0.8339462832943274,0.9977333333333334
0.8340392331698618,0.9977333333333334
0.8341322037676959,0.9977333333333334
0.8342251950947603,0.9977333333333334
0.8343182071579887,0.9977333333333334
0.8344112399643175,0.9977333333333334
0.834504293520687,0.9977333333333334
0.8345973678340397,0.9977333333333334
0.8346904629113218,0.9977333333333334
0.8347835787594824,0.9977333333333334
0.8348767153854736,0.9977333333333334
0.8348582905601428,0.9976
0.8349514563106796,0.9976
0.8350446428571429,0.9976
0.8351378502064962,0.9976
0.8352310783657066,0.9976
0.8353243273417439,0.9976
0.835417597141581,0.9976
0.8355108877721943,0.9976
0.8356041992405628,0.9976
0.8356975315536692,0.9976
0.8357908847184986,0.9976
0.83588425874204,0.9976
0.835977653631285,0.9976
0.8360710693932283,0.9976
0.8361645060348681,0.9976
0.8362579635632056,0.9976
0.8363514419852448,0.9976
0.8364449413079933,0.9976
0.8365384615384616,0.9976
0.8366320026836632,0.9976
0.8367255647506151,0.9976
0.8368191477463371,0.9976
0.8369127516778524,0.9976
0.837006376552187,0.9976
0.8371000223763706,0.9976
0.8371936891574354,0.9976
0.8372873769024172,0.9976
0.8373810856183548,0.9976
0.8374748153122902,0.9976
0.8375685659912683,0.9976
0.8376623376623377,0.9976
0.8377561303325496,0.9976
0.8378499440089585,0.9976
0.8379437786986225,0.9976
0.8380376344086021,0.9976
0.8381315111459617,0.9976
0.8382254089177683,0.9976
0.8383193277310924,0.9976
0.8384132675930076,0.9976
0.8385072285105906,0.9976
0.8386012104909213,0.9976
0.8386952135410828,0.9976
0.8387892376681614,0.9976
0.8388832828792465,0.9976
0.8389773491814309,0.9976
0.83907143658181,0.9976
0.8391655450874832,0.9976
0.8392596747055524,0.9976
0.8393538254431232,0.9976
0.8394479973073039,0.9976
0.8395421903052065,0.9976
0.8396364044439457,0.9976
0.8397306397306398,0.9976
0.83982489617241,0.9976
0.8399191737763808,0.9976
0.8400134725496801,0.9976
0.8401077924994386,0.9976
0.8402021336327906,0.9976
0.8402964959568733,0.9976
0.8403908794788274,0.9976
0.8404852842057965,0.9976
0.8405797101449275,0.9976
0.8406741573033708,0.9976
0.8407686256882796,0.9976
0.8408631153068106,0.9976
0.8409576261661235,0.9976
0.8410521582733813,0.9976
0.8411467116357504,0.9976
0.8412412862604003,0.9976
0.8413358821545035,0.9976
0.8414304993252362,0.9976
0.8415251377797773,0.9976
0.8416197975253094,0.9976
0.8417144785690179,0.9976
0.8418091809180918,0.9976
0.8419039045797232,0.9976
0.8419986495611074,0.9976
0.8420934158694429,0.9976
0.8421882035119316,0.9976
0.8422830124957784,0.9976
0.8423778428281918,0.9976
0.8424726945163833,0.9976
0.8425675675675676,0.9976
0.8426624619889628,0.9976
0.84275737778779,0.9976
0.8428523149712741,0.9976
0.8429472735466427,0.9976
0.8430422535211267,0.9976
0.8431372549019608,0.9976
0.8432322776963823,0.9976
0.8433273219116321,0.9976
0.8434223875549544,0.9976
0.8435174746335964,0.9976
0.8436125831548089,0.9976
0.8437077131258457,0.9976
0.8438028645539641,0.9976
0.8438980374464246,0.9976
0.8439932318104907,0.9976
0.8440884476534296,0.9976
0.8441836849825116,0.9976
0.8442789438050101,0.9976
0.8443742241282023,0.9976
0.844469525959368,0.9976
0.8445648493057907,0.9976
0.8446601941747572,0.9976
0.8447555605735576,0.9976
0.8448509485094851,0.9976
0.8449463579898363,0.9976
0.845041789021911,0.9976
0.8451372416130125,0.9976
0.8452327157704473,0.9976
0.8453282115015253,0.9976
0.8454237288135593,0.9976
0.845519267713866,0.9976
0.845614828209765,0.9976
0.8457104103085792,0.9976
0.8458060140176351,0.9976
0.8459016393442623,0.9976
0.8459972862957937,0.9976
0.8460929548795657,0.9976
0.8461886451029179,0.9976
0.846284356973193,0.9976
0.8463800904977375,0.9976
0.8464758456839009,0.9976
0.846571622539036,0.9976
0.8466674210704991,0.9976
0.8467632412856496,0.9976
0.8468590831918505,0.9976
0.8469549467964682,0.9976
0.8470508321068719,0.9976
0.8471467391304348,0.9976
0.847242667874533,0.9976
0.8473386183465459,0.9976
0.8474345905538566,0.9976
0.8475305845038514,0.9976
0.8476266002039198,0.9976
0.8477226376614548,0.9976
0.8478186968838527,0.9976
0.8479147778785131,0.9976
0.8480108806528391,0.9976
0.8481070052142371,0.9976
0.8482031515701167,0.9976
0.8482993197278912,0.9976
0.8483955096949768,0.9976
0.8484917214787934,0.9976
0.8485879550867642,0.9976
0.8486842105263158,0.9976
0.848780487804878,0.9976
0.8488767869298843,0.9976
0.8489731079087711,0.9976
0.8490694507489787,0.9976
0.8491658154579503,0.9976
0.8492622020431329,0.9976
0.8493586105119764,0.9976
0.8494550408719346,0.9976
0.8495514931304644,0.9976
0.8496479672950261,0.9976
0.8497444633730835,0.9976
0.8498409813721036,0.9976
0.849937521299557,0.9976
0.8500340831629175,0.9976
0.8501306669696626,0.9976
0.8502272727272727,0.9976
0.8503239004432321,0.9976
0.8504205501250284,0.9976
0.8505172217801523,0.9976
0.8506139154160982,0.9976
0.8507106310403638,0.9976
0.8508073686604503,0.9976
0.8509041282838622,0.9976
0.8510009099181074,0.9976
0.8510977135706973,0.9976
0.8511945392491468,0.9976
0.851291386960974,0.9976
0.8513882567137006,0.9976
0.8514851485148515,0.9976
0.8515820623719553,0.9976
0.8516789982925441,0.9976
0.851775956284153,0.9976
0.8518729363543208,0.9976
0.8519699385105899,0.9976
0.8520669627605056,0.9976
0.8521640091116173,0.9976
0.8522610775714774,0.9976
0.8523581681476419,0.9976
0.8524552808476701,0.9976
0.8525524156791249,0.9976
0.8526495726495726,0.9976
0.8527467517665831,0.9976
0.8528439530377294,0.9976
0.8529411764705882,0.9976
0.8530384220727397,0.9976
0.8531356898517674,0.9976
0.8532329798152583,0.9976
0.8533302919708029,0.9976
0.8534276263259952,0.9976
0.8535249828884326,0.9976
0.8536223616657159,0.9976
0.8537197626654496,0.9976
0.8538171858952414,0.9976
0.8539146313627026,0.9976
0.8540120990754481,0.9976
0.8541095890410959,0.9976
0.854207101267268,0.9976
0.8543046357615894,0.9976
0.8544021925316889,0.9976
0.8544997715851987,0.9976
0.8545973729297545,0.9976
0.8546949965729952,0.9976
0.8547926425225637,0.9976
0.854890310786106,0.9976
0.8549880013712718,0.9976
0.8550857142857143,0.9976
0.8551834495370899,0.9976
0.855281207133059,0.9976
0.855378987081285,0.9976
0.8554767893894352,0.9976
0.8555746140651801,0.9976
0.855672461116194,0.9976
0.8557703305501544,0.9976
0.8558682223747426,0.9976
0.8559661365976433,0.9976
0.8560640732265447,0.9976
0.8561620322691383,0.9976
0.8562600137331197,0.9976
0.8563580176261875,0.9976
0.8564560439560439,0.9976
0.856554092730395,0.9976
0.8566521639569499,0.9976
0.8567502576434215,0.9976
0.8568483737975263,0.9976
0.8569465124269843,0.9976
0.8570446735395189,0.9976
0.8571428571428571,0.9976
0.8572410632447296,0.9976
0.8573392918528704,0.9976
0.8574375429750172,0.9976
0.8575358166189112,0.9976
0.8576341127922971,0.9976
0.8577324315029233,0.9976
0.8578307727585416,0.9976
0.8579291365669075,0.9976
0.8580275229357798,0.9976
0.8581259318729212,0.9976
0.8582243633860978,0.9976
0.858322817483079,0.9976
0.8584212941716384,0.9976
0.8585197934595525,0.9976
0.8586183153546018,0.9976
0.8587168598645701,0.9976
0.8588154269972452,0.9976
0.8589140167604179,0.9976
0.8590126291618829,0.9976
0.8591112642094385,0.9976
0.8592099219108865,0.9976
0.8593086022740324,0.9976
0.8594073053066851,0.9976
0.8595060310166571,0.9976
0.8596047794117647,0.9976
0.8597035504998276,0.9976
0.8598023442886693,0.9976
0.8599011607861166,0.9976
0.86,0.9976
0.8600988619381538,0.9976
0.8601977466084157,0.9976
0.8602966540186271,0.9976
0.860395584176633,0.9976
0.8604945370902818,0.9976
0.8605935127674258,0.9976
0.8606925112159208,0.9976
0.8607915324436263,0.9976
0.8608905764584053,0.9976
0.8609896432681243,0.9976
0.8610887328806537,0.9976
0.8611878453038674,0.9976
0.8612869805456429,0.9976
0.8613861386138614,0.9976
0.8614853195164076,0.9976
0.86158452326117,0.9976
0.8616837498560406,0.9976
0.861782999308915,0.9976
0.8618822716276927,0.9976
0.8620808848945731,0.9976
0.8621802258584927,0.9976
0.8622795897199493,0.9976
0.8623789764868603,0.9976
0.862478386167147,0.9976
0.8625778187687342,0.9976
0.8626772742995503,0.9976
0.8627767527675276,0.9976
0.862876254180602,0.9976
0.8629757785467128,0.9976
0.8630753258738032,0.9976
0.86317489616982,0.9976
0.8632744894427138,0.9976
0.8633741057004385,0.9976
0.8634737449509521,0.9976
0.8635734072022161,0.9976
0.8636730924621956,0.9976
0.8637728007388594,0.9976
0.8638725320401801,0.9976
0.8639722863741339,0.9976
0.8640720637487008,0.9976
0.8641718641718642,0.9976
0.8642716876516114,0.9976
0.8643715341959335,0.9976
0.864471403812825,0.9976
0.8645712965102843,0.9976
0.8646712122963134,0.9976
0.8647711511789181,0.9976
0.864871113166108,0.9976
0.8649710982658959,0.9976
0.865071106486299,0.9976
0.8651711378353376,0.9976
0.8652711923210362,0.9976
0.8653712699514227,0.9976
0.8654713707345286,0.9976
0.8655714946783897,0.9976
0.8656716417910447,0.9976
0.8657718120805369,0.9976
0.8658720055549126,0.9976
0.8659722222222223,0.9976
0.8660724620905197,0.9976
0.8661727251678629,0.9976
0.8662730114623133,0.9976
0.8663733209819361,0.9976
0.8664736537348002,0.9976
0.8665740097289785,0.9976
0.8666743889725472,0.9976
0.8667747914735866,0.9976
0.8668752172401808,0.9976
0.8669756662804171,0.9976
0.8670761386023873,0.9976
0.8671766342141863,0.9976
0.8672771531239133,0.9976
0.8673776953396708,0.9976
0.8674782608695653,0.9976
0.8675788497217068,0.9976
0.8676794619042096,0.9976
0.8677800974251914,0.9976
0.8678807562927735,0.9976
0.8679814385150812,0.9976
0.8680821441002436,0.9976
0.8681828730563936,0.9976
0.8682836253916676,0.9976
0.8683844011142061,0.9976
0.8684852002321533,0.9976
0.8685860227536568,0.9976
0.8686868686868687,0.9976
0.8687877380399442,0.9976
0.8688886308210428,0.9976
0.8689895470383275,0.9976
0.8690904866999651,0.9976
0.8691914498141264,0.9976
0.8692924363889857,0.9976
0.8693934464327213,0.9976
0.8694944799535154,0.9976
0.8695955369595537,0.9976
0.8696966174590259,0.9976
0.8697977214601256,0.9976
0.8698988489710499,0.9976
0.87,0.9976
0.8701011745551809,0.9976
0.8702023726448012,0.9976
0.8703035942770734,0.9976
0.8704048394602141,0.9976
0.8705061082024432,0.9976
0.8706074005119852,0.9976
0.8707087163970674,0.9976
0.8708100558659218,0.9976
0.8709114189267838,0.9976
0.8710128055878928,0.9976
0.8711142158574922,0.9976
0.8712156497438286,0.9976
0.8713171072551531,0.9976
0.8714185883997205,0.9976
0.8715200931857892,0.9976
0.8716216216216216,0.9976
0.8717231737154841,0.9976
0.8718247494756467,0.9976
0.8719263489103835,0.9976
0.872027972027972,0.9976
0.8721296188366943,0.9976
0.8722312893448356,0.9976
0.8723329835606856,0.9976
0.8724347014925373,0.9976
0.8725364431486881,0.9976
0.8726382085374388,0.9976
0.8727399976670943,0.9976
0.8728418105459635,0.9976
0.8729436471823592,0.9976
0.8730455075845974,0.9976
0.873147391760999,0.9976
0.873249299719888,0.9976
0.8733512314695926,0.9976
0.873453187018445,0.9976
0.873555166374781,0.9976
0.8736571695469407,0.9976
0.8737591965432675,0.9976
0.8738612473721094,0.9976
0.8739633220418176,0.9976
0.8740654205607477,0.9976
0.8741675429372591,0.9976
0.8742696891797149,0.9976
0.8743718592964824,0.9976
0.8744740532959326,0.9976
0.8745762711864407,0.9976
0.8746785129763853,0.9976
0.8747807786741494,0.9976
0.8748830682881198,0.9976
0.874985381826687,0.9976
0.8750877192982456,0.9976
0.8751900807111943,0.9976
0.8752924660739354,0.9976
0.8753948753948754,0.9976
0.8754973086824245,0.9976
0.8755997659449971,0.9976
0.8757022471910112,0.9976
0.8758047524288891,0.9976
0.8759072816670569,0.9976
0.8760098349139445,0.9976
0.876112412177986,0.9976
0.8762150134676192,0.9976
0.876317638791286,0.9976
0.8764202881574323,0.9976
0.8765229615745079,0.9976
0.8766256590509666,0.9976
0.876728380595266,0.9976
0.8768311262158678,0.9976
0.8769338959212377,0.9976
0.8770366897198453,0.9976
0.8770222743259085,0.9974666666666666
0.8771251025911596,0.9974666666666666
0.8772279549718575,0.9974666666666666
0.8773308314764865,0.9974666666666666
0.877433732113535,0.9974666666666666
0.8775366568914956,0.9974666666666666
0.8776396058188644,0.9974666666666666
0.8777425789041418,0.9974666666666666
0.8778455761558319,0.9974666666666666
0.8779485975824434,0.9974666666666666
0.8780516431924883,0.9974666666666666
0.8781547129944829,0.9974666666666666
0.8782578069969477,0.9974666666666666
0.8783609252084067,0.9974666666666666
0.8784640676373885,0.9974666666666666
0.8785672342924251,0.9974666666666666
0.8786704251820531,0.9974666666666666
0.8787736403148126,0.9974666666666666
0.8788768796992481,0.9974666666666666
0.8789801433439078,0.9974666666666666
0.8790834312573443,0.9974666666666666
0.8791867434481138,0.9974666666666666
0.8792900799247767,0.9974666666666666
0.8793934406958975,0.9974666666666666
0.8794968257700446,0.9974666666666666
0.8796002351557907,0.9974666666666666
0.8797036688617121,0.9974666666666666
0.8798071268963895,0.9974666666666666
0.8799106092684075,0.9974666666666666
0.8800141159863546,0.9974666666666666
0.8801176470588236,0.9974666666666666
0.8802212024944112,0.9974666666666666
0.8803247823017181,0.9974666666666666
0.8804283864893492,0.9974666666666666
0.8805320150659134,0.9974666666666666
0.8806356680400236,0.9974666666666666
0.8807393454202966,0.9974666666666666
0.8808430472153538,0.9974666666666666
0.8809467734338201,0.9974666666666666
0.8810505240843246,0.9974666666666666
0.8811542991755006,0.9974666666666666
0.8812580987159854,0.9974666666666666
0.8813619227144204,0.9974666666666666
0.8814657711794509,0.9974666666666666
0.8815696441197266,0.9974666666666666
0.881673541543901,0.9974666666666666
0.8817774634606318,0.9974666666666666
0.8818814098785807,0.9974666666666666
0.8819853808064135,0.9974666666666666
0.8820893762528004,0.9974666666666666
0.8821933962264151,0.9974666666666666
0.8822974407359359,0.9974666666666666
0.8824015097900448,0.9974666666666666
0.8825056033974283,0.9974666666666666
0.8826097215667768,0.9974666666666666
0.8827138643067847,0.9974666666666666
0.8828180316261506,0.9974666666666666
0.8829222235335773,0.9974666666666666
0.8830264400377715,0.9974666666666666
0.8831306811474442,0.9974666666666666
0.8832349468713105,0.9974666666666666
0.8833392372180895,0.9974666666666666
0.8834435521965045,0.9974666666666666
0.8835478918152828,0.9974666666666666
0.8836522560831561,0.9974666666666666
0.88375664500886,0.9974666666666666
0.8838610586011342,0.9974666666666666
0.8839654968687227,0.9974666666666666
0.8840699598203734,0.9974666666666666
0.8841744474648386,0.9974666666666666
0.8842789598108747,0.9974666666666666
0.8843834968672419,0.9974666666666666
0.8844880586427051,0.9974666666666666
0.8845926451460329,0.9974666666666666
0.884697256385998,0.9974666666666666
0.8848018923713779,0.9974666666666666
0.8849065531109533,0.9974666666666666
0.8850112386135099,0.9974666666666666
0.8851159488878372,0.9974666666666666
0.8852206839427287,0.9974666666666666
0.8853254437869823,0.9974666666666666
0.8854302284293999,0.9974666666666666
0.8855350378787878,0.9974666666666666
0.8856398721439565,0.9974666666666666
0.8857447312337201,0.9974666666666666
0.8858496151568975,0.9974666666666666
0.8859545239223117,0.9974666666666666
0.8860594575387896,0.9974666666666666
0.8861644160151623,0.9974666666666666
0.8862693993602654,0.9974666666666666
0.8863744075829384,0.9974666666666666
0.8864794406920251,0.9974666666666666
0.8865844986963736,0.9974666666666666
0.8866895816048358,0.9974666666666666
0.8867946894262684,0.9974666666666666
0.8868998221695317,0.9974666666666666
0.8870049798434906,0.9974666666666666
0.8871101624570141,0.9974666666666666
0.8872153700189753,0.9974666666666666
0.8873206025382517,0.9974666666666666
0.8874258600237248,0.9974666666666666
0.8875311424842804,0.9974666666666666
0.8876364499288087,0.9974666666666666
0.8877417823662038,0.9974666666666666
0.8878471398053643,0.9974666666666666
0.8879525222551928,0.9974666666666666
0.8880579297245964,0.9974666666666666
0.888163362222486,0.9974666666666666
0.8882688197577773,0.9974666666666666
0.8883743023393896,0.9974666666666666
0.888479809976247,0.9974666666666666
0.8885853426772776,0.9974666666666666
0.8886909004514136,0.9974666666666666
0.8887964833075918,0.9974666666666666
0.8889020912547528,0.9974666666666666
0.8890077243018419,0.9974666666666666
0.8891133824578085,0.9974666666666666
0.8892190657316058,0.9974666666666666
0.8893247741321921,0.9974666666666666
0.8894305076685293,0.9974666666666666
0.8895362663495838,0.9974666666666666
0.8896420501843263,0.9974666666666666
0.8897478591817317,0.9974666666666666
0.8898536933507791,0.9974666666666666
0.889959552700452,0.9974666666666666
0.8900654372397383,0.9974666666666666
0.8901713469776297,0.9974666666666666
0.8902772819231227,0.9974666666666666
0.8903832420852178,0.9974666666666666
0.8904892274729199,0.9974666666666666
0.8905952380952381,0.9974666666666666
0.8907012739611858,0.9974666666666666
0.8908073350797809,0.9974666666666666
0.8909134214600453,0.9974666666666666
0.8910195331110052,0.9974666666666666
0.8911256700416915,0.9974666666666666
0.8912318322611389,0.9974666666666666
0.8913380197783868,0.9974666666666666
0.8914442326024785,0.9974666666666666
0.8915504707424622,0.9974666666666666
0.8916567342073898,0.9974666666666666
0.8917630230063178,0.9974666666666666
0.8918693371483071,0.9974666666666666
0.8919756766424228,0.9974666666666666
0.8920820414977343,0.9974666666666666
0.8921884317233154,0.9974666666666666
0.8922948473282443,0.9974666666666666
0.8924012883216033,0.9974666666666666
0.8925077547124791,0.9974666666666666
0.892614246509963,0.9974666666666666
0.8927207637231503,0.9974666666666666
0.8928273063611409,0.9974666666666666
0.892933874433039,0.9974666666666666
0.8930404679479528,0.9974666666666666
0.8931470869149952,0.9974666666666666
0.8932537313432836,0.9974666666666666
0.8933604012419394,0.9974666666666666
0.8934670966200884,0.9974666666666666
0.8935738174868609,0.9974666666666666
0.8936805638513917,0.9974666666666666
0.8937873357228195,0.9974666666666666
0.893894133110288,0.9974666666666666
0.8940009560229446,0.9974666666666666
0.8941078044699414,0.9974666666666666
0.8942146784604351,0.9974666666666666
0.8943215780035864,0.9974666666666666
0.8944285031085605,0.9974666666666666
0.894535453784527,0.9974666666666666
0.8946424300406601,0.9974666666666666
0.894749431886138,0.9974666666666666
0.8948564593301436,0.9974666666666666
0.8949635123818639,0.9974666666666666
0.8950705910504906,0.9974666666666666
0.8951776953452196,0.9974666666666666
0.8952848252752513,0.9974666666666666
0.8953919808497905,0.9974666666666666
0.8954991620780465,0.9974666666666666
0.8956063689692326,0.9974666666666666
0.8957136015325671,0.9974666666666666
0.8958208597772722,0.9974666666666666
0.8959281437125749,0.9974666666666666
0.8960354533477063,0.9974666666666666
0.8961427886919022,0.9974666666666666
0.8962501497544028,0.9974666666666666
0.8963575365444524,0.9974666666666666
0.8964649490713001,0.9974666666666666
0.8965723873441994,0.9974666666666666
0.896679851372408,0.9974666666666666
0.8967873411651882,0.9974666666666666
0.8968948567318067,0.9974666666666666
0.8970023980815348,0.9974666666666666
0.8971099652236479,0.9974666666666666
0.8972175581674262,0.9974666666666666
0.8973251769221543,0.9974666666666666
0.8974328214971209,0.9974666666666666
0.8975404919016197,0.9974666666666666
0.8976481881449484,0.9974666666666666
0.8977559102364094,0.9974666666666666
0.8978636581853097,0.9974666666666666
0.8979714320009603,0.9974666666666666
0.8980792316926771,0.9974666666666666
0.8981870572697803,0.9974666666666666
0.8982949087415946,0.9974666666666666
0.8984027861174493,0.9974666666666666
0.8985106894066779,0.9974666666666666
0.8986186186186186,0.9974666666666666
0.8987265737626141,0.9974666666666666
0.8988345548480116,0.9974666666666666
0.8989425618841624,0.9974666666666666
0.899050594880423,0.9974666666666666
0.8991586538461539,0.9974666666666666
0.89926673879072,0.9974666666666666
0.8993748497234912,0.9974666666666666
0.8994829866538415,0.9974666666666666
0.8995911495911496,0.9974666666666666
0.8996993385447986,0.9974666666666666
0.8998075535241761,0.9974666666666666
0.8999157945386743,0.9974666666666666
0.9000240615976901,0.9974666666666666
0.9001323547106245,0.9974666666666666
0.9002406738868832,0.9974666666666666
0.9003490191358767,0.9974666666666666
0.9004573904670198,0.9974666666666666
0.9005657878897315,0.9974666666666666
0.9006742114134361,0.9974666666666666
0.9007826610475617,0.9974666666666666
0.9008911368015414,0.9974666666666666
0.9009996386848127,0.9974666666666666
0.9011081667068176,0.9974666666666666
0.9012167208770028,0.9974666666666666
0.9013253012048192,0.9974666666666666
0.9014339076997229,0.9974666666666666
0.9015425403711738,0.9974666666666666
0.9016511992286369,0.9974666666666666
0.9017598842815815,0.9974666666666666
0.9018685955394816,0.9974666666666666
0.9019773330118158,0.9974666666666666
0.902086096708067,0.9974666666666666
0.9021948866377231,0.9974666666666666
0.9023037028102762,0.9974666666666666
0.9024125452352232,0.9974666666666666
0.9025214139220654,0.9974666666666666
0.9026303088803089,0.9974666666666666
0.9027392301194642,0.9974666666666666
0.9028481776490466,0.9974666666666666
0.9029571514785757,0.9974666666666666
0.9030661516175761,0.9974666666666666
0.9031751780755765,0.9974666666666666
0.9032842308621106,0.9974666666666666
0.9033933099867166,0.9974666666666666
0.9035024154589372,0.9974666666666666
0.9036115472883198,0.9974666666666666
0.9037207054844165,0.9974666666666666
0.9038298900567838,0.9974666666666666
0.9039391010149831,0.9974666666666666
0.90404833836858,0.9974666666666666
0.9041576021271452,0.9974666666666666
0.9042668923002538,0.9974666666666666
0.9043762088974855,0.9974666666666666
0.9044855519284246,0.9974666666666666
0.9045949214026602,0.9974666666666666
0.904704317329786,0.9974666666666666
0.9048137397194,0.9974666666666666
0.9049231885811057,0.9974666666666666
0.9050326639245101,0.9974666666666666
0.9051421657592257,0.9974666666666666
0.9052516940948693,0.9974666666666666
0.9053612489410625,0.9974666666666666
0.9054708303074316,0.9974666666666666
0.9055804382036073,0.9974666666666666
0.9056900726392252,0.9974666666666666
0.9057997336239254,0.9974666666666666
0.9059094211673528,0.9974666666666666
0.9060191352791571,0.9974666666666666
0.9061288759689923,0.9974666666666666
0.9062386432465173,0.9974666666666666
0.9063484371213957,0.9974666666666666
0.9064582576032958,0.9974666666666666
0.9065681047018904,0.9974666666666666
0.9066779784268574,0.9974666666666666
0.9067878787878788,0.9974666666666666
0.9068978057946417,0.9974666666666666
0.907007759456838,0.9974666666666666
0.907117739784164,0.9974666666666666
0.9072277467863207,0.9974666666666666
0.9073377804730139,0.9974666666666666
0.9074478408539544,0.9974666666666666
0.9075579279388573,0.9974666666666666
0.9076680417374424,0.9974666666666666
0.9077781822594345,0.9974666666666666
0.9078883495145631,0.9974666666666666
0.9079985435125622,0.9974666666666666
0.9081087642631707,0.9974666666666666
0.9082190117761321,0.9974666666666666
0.9083292860611948,0.9974666666666666
0.9084395871281117,0.9974666666666666
0.9085499149866407,0.9974666666666666
0.9086602696465444,0.9974666666666666
0.9087706511175899,0.9974666666666666
0.9088810594095492,0.9974666666666666
0.9089914945321993,0.9974666666666666
0.9091019564953214,0.9974666666666666
0.909212445308702,0.9974666666666666
0.9093229609821321,0.9974666666666666
0.9094335035254072,0.9974666666666666
0.9095440729483283,0.9974666666666666
0.9096546692607004,0.9974666666666666
0.9097652924723337,0.9974666666666666
0.909875942593043,0.9974666666666666
0.909986619632648,0.9974666666666666
0.9100973236009733,0.9974666666666666
0.9102080545078477,0.9974666666666666
0.9103188123631054,0.9974666666666666
0.9104295971765851,0.9974666666666666
0.9105404089581305,0.9974666666666666
0.9106512477175898,0.9974666666666666
0.9107621134648162,0.9974666666666666
0.9108730062096676,0.9974666666666666
0.9109839259620068,0.9974666666666666
0.9110948727317014,0.9974666666666666
0.9112058465286236,0.9974666666666666
0.9113168473626507,0.9974666666666666
0.9114278752436648,0.9974666666666666
0.9115389301815523,0.9974666666666666
0.9116500121862052,0.9974666666666666
0.9117611212675198,0.9974666666666666
0.9118722574353973,0.9974666666666666
0.911983420699744,0.9974666666666666
0.9120946110704706,0.9974666666666666
0.912205828557493,0.9974666666666666
0.9123170731707317,0.9974666666666666
0.9124283449201122,0.9974666666666666
0.9125396438155647,0.9974666666666666
0.9126509698670245,0.9974666666666666
0.9127623230844314,0.9974666666666666
0.9128737034777303,0.9974666666666666
0.9129851110568709,0.9974666666666666
0.9130965458318077,0.9974666666666666
0.9132080078125,0.9974666666666666
0.9133194970089122,0.9974666666666666
0.9134310134310134,0.9974666666666666
0.9135425570887776,0.9974666666666666
0.9136541279921837,0.9974666666666666
0.9137657261512153,0.9974666666666666
0.9138773515758613,0.9974666666666666
0.9139890042761148,0.9974666666666666
0.9141006842619745,0.9974666666666666
0.9142123915434437,0.9974666666666666
0.9143241261305304,0.9974666666666666
0.9144358880332478,0.9974666666666666
0.9145476772616137,0.9974666666666666
0.914659493825651,0.9974666666666666
0.9147713377353877,0.9974666666666666
0.9148832090008561,0.9974666666666666
0.9149951076320939,0.9974666666666666
0.9151070336391437,0.9974666666666666
0.9152189870320528,0.9974666666666666
0.9153309678208736,0.9974666666666666
0.9154429760156633,0.9974666666666666
0.9155550116264839,0.9974666666666666
0.9156670746634027,0.9974666666666666
0.9157791651364916,0.9974666666666666
0.9158912830558276,0.9974666666666666
0.9160034284314926,0.9974666666666666
0.9161156012735734,0.9974666666666666
0.9162278015921617,0.9974666666666666
0.9163400293973543,0.9974666666666666
0.9164522846992528,0.9974666666666666
0.9165645675079638,0.9974666666666666
0.9166768778335989,0.9974666666666666
0.9167892156862745,0.9974666666666666
0.9169015810761123,0.9974666666666666
0.9170139740132386,0.9974666666666666
0.9171263945077848,0.9974666666666666
0.9172388425698872,0.9974666666666666
0.9173513182096873,0.9974666666666666
0.9173411822418445,0.9973333333333333
0.9174536980252668,0.9973333333333333
0.9175662414131501,0.9973333333333333
0.9176788124156545,0.9973333333333333
0.9177914110429448,0.9973333333333333
0.9179040373051908,0.9973333333333333
0.9180166912125675,0.9973333333333333
0.9181293727752547,0.9973333333333333
0.9182420820034373,0.9973333333333333
0.9183548189073051,0.9973333333333333
0.918467583497053,0.9973333333333333
0.918580375782881,0.9973333333333333
0.9186931957749939,0.9973333333333333
0.9188060434836015,0.9973333333333333
0.918918918918919,0.9973333333333333
0.919031822091166,0.9973333333333333
0.9191447530105677,0.9973333333333333
0.919257711687354,0.9973333333333333
0.9193706981317601,0.9973333333333333
0.9194837123540258,0.9973333333333333
0.9195967543643964,0.9973333333333333
0.9197098241731219,0.9973333333333333
0.9198229217904574,0.9973333333333333
0.9199360472266633,0.9973333333333333
0.9200492004920049,0.9973333333333333
0.9201623815967523,0.9973333333333333
0.9202755905511811,0.9973333333333333
0.9203888273655716,0.9973333333333333
0.9205020920502092,0.9973333333333333
0.9206153846153846,0.9973333333333333
0.9207287050713934,0.9973333333333333
0.9208420534285362,0.9973333333333333
0.920955429697119,0.9973333333333333
0.9210688338874523,0.9973333333333333
0.9211822660098522,0.9973333333333333
0.9212957260746397,0.9973333333333333
0.9214092140921409,0.9973333333333333
0.9215227300726869,0.9973333333333333
0.9216362740266141,0.9973333333333333
0.9217498459642637,0.9973333333333333
0.9218634458959822,0.9973333333333333
0.9219770738321212,0.9973333333333333
0.9220907297830375,0.9973333333333333
0.9222044137590926,0.9973333333333333
0.9223181257706535,0.9973333333333333
0.9224318658280922,0.9973333333333333
0.9225456339417859,0.9973333333333333
0.9226594301221167,0.9973333333333333
0.922773254379472,0.9973333333333333
0.9228871067242443,0.9973333333333333
0.9230009871668312,0.9973333333333333
0.9231148957176355,0.9973333333333333
0.9232288323870649,0.9973333333333333
0.9233427971855327,0.9973333333333333
0.9234567901234568,0.9973333333333333
0.9235708112112606,0.9973333333333333
0.9236848604593727,0.9973333333333333
0.9237989378782265,0.9973333333333333
0.9239130434782609,0.9973333333333333
0.9240271772699197,0.9973333333333333
0.924141339263652,0.9973333333333333
0.9242555294699123,0.9973333333333333
0.9243697478991597,0.9973333333333333
0.9244839945618588,0.9973333333333333
0.9245982694684796,0.9973333333333333
0.9247125726294968,0.9973333333333333
0.9248269040553907,0.9973333333333333
0.9248176085074812,0.9972
0.9249319812020776,0.9972
0.9250463821892393,0.9972
0.9251608114794656,0.9972
0.9252752690832612,0.9972
0.9253897550111359,0.9972
0.9255042692736047,0.9972
0.9256188118811881,0.9972
0.9257333828444114,0.9972
0.9258479821738054,0.9972
0.9259626098799059,0.9972
0.9260772659732541,0.9972
0.9260681114551084,0.9970666666666667
0.9261828090165964,0.9970666666666667
0.9262975349931871,0.9970666666666667
0.9264122893954411,0.9970666666666667
0.9265270722339239,0.9970666666666667
0.926641883519207,0.9970666666666667
0.9267567232618664,0.9970666666666667
0.9268715914724839,0.9970666666666667
0.9269864881616462,0.9970666666666667
0.9271014133399454,0.9970666666666667
0.9272163670179789,0.9970666666666667
0.9273313492063492,0.9970666666666667
0.9274463599156642,0.9970666666666667
0.9275613991565368,0.9970666666666667
0.9276764669395856,0.9970666666666667
0.9277915632754342,0.9970666666666667
0.9279066881747116,0.9970666666666667
0.9280218416480516,0.9970666666666667
0.9281370237060941,0.9970666666666667
0.9282522343594836,0.9970666666666667
0.9283674736188703,0.9970666666666667
0.9284827414949094,0.9970666666666667
0.9285980379982616,0.9970666666666667
0.9287133631395926,0.9970666666666667
0.9288287169295739,0.9970666666666667
0.928944099378882,0.9970666666666667
0.9290595104981986,0.9970666666666667
0.9291749502982107,0.9970666666666667
0.929290418789611,0.9970666666666667
0.9294059159830972,0.9970666666666667
0.9295214418893722,0.9970666666666667
0.9296369965191447,0.9970666666666667
0.9297525798831282,0.9970666666666667
0.9298681919920417,0.9970666666666667
0.9299838328566099,0.9970666666666667
0.9300995024875622,0.9970666666666667
0.9302152008956338,0.9970666666666667
0.930330928091565,0.9970666666666667
0.9304466840861018,0.9970666666666667
0.930562468889995,0.9970666666666667
0.9306782825140012,0.9970666666666667
0.9307941249688823,0.9970666666666667
0.9309099962654052,0.9970666666666667
0.9310258964143426,0.9970666666666667
0.9311418254264724,0.9970666666666667
0.9312577833125778,0.9970666666666667
0.9313737700834475,0.9970666666666667
0.9314897857498754,0.9970666666666667
0.931605830322661,0.9970666666666667
0.931721903812609,0.9970666666666667
0.9318380062305296,0.9970666666666667
0.9319541375872383,0.9970666666666667
0.932070297893556,0.9970666666666667
0.9321864871603092,0.9970666666666667
0.9323027053983294,0.9970666666666667
0.9324189526184539,0.9970666666666667
0.9325352288315252,0.9970666666666667
0.9326515340483911,0.9970666666666667
0.9327678682799052,0.9970666666666667
0.9328842315369261,0.9970666666666667
0.9330006238303181,0.9970666666666667
0.9331170451709508,0.9970666666666667
0.9332334955696993,0.9970666666666667
0.9333499750374439,0.9970666666666667
0.9334664835850706,0.9970666666666667
0.9335830212234707,0.9970666666666667
0.933699587963541,0.9970666666666667
0.9338161838161838,0.9970666666666667
0.9339328087923068,0.9970666666666667
0.9340494629028229,0.9970666666666667
0.9341661461586508,0.9970666666666667
0.9342828585707147,0.9970666666666667
0.9343996001499437,0.9970666666666667
0.9345163709072731,0.9970666666666667
0.9346331708536433,0.9970666666666667
0.93475,0.9970666666666667
0.9348668583572947,0.9970666666666667
0.9349837459364841,0.9970666666666667
0.9351006627485307,0.9970666666666667
0.9352176088044022,0.9970666666666667
0.9353345841150719,0.9970666666666667
0.9354515886915187,0.9970666666666667
0.9355686225447266,0.9970666666666667
0.9356856856856857,0.9970666666666667
0.935802778125391,0.9970666666666667
0.9359198998748436,0.9970666666666667
0.9360370509450494,0.9970666666666667
0.9361542313470206,0.9970666666666667
0.9362714410917742,0.9970666666666667
0.9363886801903331,0.9970666666666667
0.9365059486537257,0.9970666666666667
0.936623246492986,0.9970666666666667
0.9367405737191532,0.9970666666666667
0.9368579303432724,0.9970666666666667
0.936975316376394,0.9970666666666667
0.937092731829574,0.9970666666666667
0.937210176713874,0.9970666666666667
0.937327651040361,0.9970666666666667
0.9374451548201078,0.9970666666666667
0.9375626880641926,0.9970666666666667
0.9376802507836991,0.9970666666666667
0.9377978429897166,0.9970666666666667
0.93791546469334,0.9970666666666667
0.9380331159056698,0.9970666666666667
0.9381507966378121,0.9970666666666667
0.9382685069008783,0.9970666666666667
0.9383862467059857,0.9970666666666667
0.938504016064257,0.9970666666666667
0.9386218149868206,0.9970666666666667
0.9387396434848104,0.9970666666666667
0.938857501569366,0.9970666666666667
0.9389753892516324,0.9970666666666667
0.9390933065427602,0.9970666666666667
0.9392112534539061,0.9970666666666667
0.9393292299962316,0.9970666666666667
0.9394472361809045,0.9970666666666667
0.9395652720190979,0.9970666666666667
0.9396833375219904,0.9970666666666667
0.9398014327007667,0.9970666666666667
0.9399195575666164,0.9970666666666667
0.9400377121307354,0.9970666666666667
0.9401558964043248,0.9970666666666667
0.9402741103985918,0.9970666666666667
0.9403923541247485,0.9970666666666667
0.9405106275940134,0.9970666666666667
0.94062893081761,0.9970666666666667
0.9407472638067681,0.9970666666666667
0.9408656265727227,0.9970666666666667
0.9409840191267145,0.9970666666666667
0.9411024414799899,0.9970666666666667
0.9412208936438011,0.9970666666666667
0.9413393756294058,0.9970666666666667
0.9414578874480675,0.9970666666666667
0.9415764291110551,0.9970666666666667
0.9416950006296436,0.9970666666666667
0.9418136020151133,0.9970666666666667
0.9419322332787504,0.9970666666666667
0.9420508944318469,0.9970666666666667
0.9421695854856998,0.9970666666666667
0.9422883064516129,0.9970666666666667
0.9424070573408948,0.9970666666666667
0.9425258381648601,0.9970666666666667
0.9426446489348292,0.9970666666666667
0.9427634896621281,0.9970666666666667
0.9428823603580885,0.9970666666666667
0.9430012610340479,0.9970666666666667
0.9431201917013495,0.9970666666666667
0.943239152371342,0.9970666666666667
0.9433581430553803,0.9970666666666667
0.9434771637648246,0.9970666666666667
0.943596214511041,0.9970666666666667
0.9437152953054013,0.9970666666666667
0.943834406159283,0.9970666666666667
0.9439535470840696,0.9970666666666667
0.9440727180911501,0.9970666666666667
0.9441919191919191,0.9970666666666667
0.9443111503977775,0.9970666666666667
0.9444304117201313,0.9970666666666667
0.9445497031703928,0.9970666666666667
0.9446690247599798,0.9970666666666667
0.9447883765003159,0.9970666666666667
0.9449077584028305,0.9970666666666667
0.9450271704789587,0.9970666666666667
0.9451466127401416,0.9970666666666667
0.9452660851978258,0.9970666666666667
0.9453855878634639,0.9970666666666667
0.9455051207485143,0.9970666666666667
0.9456246838644411,0.9970666666666667
0.945744277222714,0.9970666666666667
0.945863900834809,0.9970666666666667
0.9459835547122074,0.9970666666666667
0.9461032388663968,0.9970666666666667
0.9462229533088701,0.9970666666666667
0.9463426980511263,0.9970666666666667
0.9464624731046702,0.9970666666666667
0.9465822784810126,0.9970666666666667
0.9467021141916698,0.9970666666666667
0.9468219802481641,0.9970666666666667
0.9469418766620236,0.9970666666666667
0.9470618034447822,0.9970666666666667
0.9471817606079798,0.9970666666666667
0.9473017481631619,0.9970666666666667
0.9474217661218801,0.9970666666666667
0.9475418144956919,0.9970666666666667
0.9476618932961601,0.9970666666666667
0.9477820025348542,0.9970666666666667
0.947902142223349,0.9970666666666667
0.9480223123732252,0.9970666666666667
0.9481425129960694,0.9970666666666667
0.9482627441034746,0.9970666666666667
0.9483830057070387,0.9970666666666667
0.9485032978183663,0.9970666666666667
0.9486236204490676,0.9970666666666667
0.9487439736107587,0.9970666666666667
0.9488643573150616,0.9970666666666667
0.9489847715736041,0.9970666666666667
0.94910521639802,0.9970666666666667
0.9492256917999492,0.9970666666666667
0.9493461977910372,0.9970666666666667
0.9494667343829355,0.9970666666666667
0.9495873015873015,0.9970666666666667
0.9497078994157988,0.9970666666666667
0.9498285278800965,0.9970666666666667
0.9499491869918699,0.9970666666666667
0.9500698767628002,0.9970666666666667
0.9501905972045743,0.9970666666666667
0.9503113483288855,0.9970666666666667
0.9504321301474327,0.9970666666666667
0.9505529426719207,0.9970666666666667
0.9506737859140605,0.9970666666666667
0.950794659885569,0.9970666666666667
0.9509155645981688,0.9970666666666667
0.951036500063589,0.9970666666666667
0.951157466293564,0.9970666666666667
0.9512784632998347,0.9970666666666667
0.9513994910941476,0.9970666666666667
0.9515205496882555,0.9970666666666667
0.9516416390939171,0.9970666666666667
0.9517627593228968,0.9970666666666667
0.9518839103869654,0.9970666666666667
0.9520050922978994,0.9970666666666667
0.9521263050674815,0.9970666666666667
0.9522475487075003,0.9970666666666667
0.9523688232297504,0.9970666666666667
0.9524901286460323,0.9970666666666667
0.9526114649681529,0.9970666666666667
0.9527328322079246,0.9970666666666667
0.9528542303771662,0.9970666666666667
0.9529756594877024,0.9970666666666667
0.9530971195513638,0.9970666666666667
0.9532186105799872,0.9970666666666667
0.9533401325854156,0.9970666666666667
0.9534616855794976,0.9970666666666667
0.9535832695740882,0.9970666666666667
0.9537048845810483,0.9970666666666667
0.9538265306122449,0.9970666666666667
0.9539482076795509,0.9970666666666667
0.9540699157948456,0.9970666666666667
0.954191654970014,0.9970666666666667
0.9543134252169474,0.9970666666666667
0.9544352265475431,0.9970666666666667
0.9545570589737044,0.9970666666666667
0.9546789225073408,0.9970666666666667
0.9548008171603677,0.9970666666666667
0.9549227429447069,0.9970666666666667
0.9550446998722861,0.9970666666666667
0.955166687955039,0.9970666666666667
0.9552887072049054,0.9970666666666667
0.9554107576338317,0.9970666666666667
0.9555328392537695,0.9970666666666667
0.9556549520766773,0.9970666666666667
0.9557770961145194,0.9970666666666667
0.9558992713792662,0.9970666666666667
0.9560214778828944,0.9970666666666667
0.9561437156373865,0.9970666666666667
0.9562659846547314,0.9970666666666667
0.9563882849469242,0.9970666666666667
0.9565106165259657,0.9970666666666667
0.9566329794038634,0.9970666666666667
0.9567553735926305,0.9970666666666667
0.9568777991042866,0.9970666666666667
0.9570002559508575,0.9970666666666667
0.9571227441443748,0.9970666666666667
0.9572452636968766,0.9970666666666667
0.9573678146204071,0.9970666666666667
0.9574903969270167,0.9970666666666667
0.9576130106287617,0.9970666666666667
0.9577356557377049,0.9970666666666667
0.9578583322659152,0.9970666666666667
0.9579810402254676,0.9970666666666667
0.9581037796284433,0.9970666666666667
0.9582265504869297,0.9970666666666667
0.9583493528130206,0.9970666666666667
0.9584721866188157,0.9970666666666667
0.958595051916421,0.9970666666666667
0.9587179487179487,0.9970666666666667
0.9588408770355173,0.9970666666666667
0.9589638368812516,0.9970666666666667
0.9590868282672823,0.9970666666666667
0.9592098512057465,0.9970666666666667
0.9593329057087877,0.9970666666666667
0.9594559917885553,0.9970666666666667
0.9595791094572051,0.9970666666666667
0.9597022587268994,0.9970666666666667
0.9598254396098062,0.9970666666666667
0.9599486521181001,0.9970666666666667
0.9600718962639619,0.9970666666666667
0.9601951720595788,0.9970666666666667
0.960318479517144,0.9970666666666667
0.9604418186488569,0.9970666666666667
0.9605651894669236,0.9970666666666667
0.960688591983556,0.9970666666666667
0.9608120262109726,0.9970666666666667
0.9609354921613981,0.9970666666666667
0.9610589898470634,0.9970666666666667
0.9611825192802057,0.9970666666666667
0.9613060804730685,0.9970666666666667
0.9614296734379018,0.9970666666666667
0.9615532981869616,0.9970666666666667
0.9616769547325102,0.9970666666666667
0.9618006430868167,0.9970666666666667
0.9619243632621559,0.9970666666666667
0.9620481152708092,0.9970666666666667
0.9621718991250643,0.9970666666666667
0.9622957148372153,0.9970666666666667
0.9624195624195624,0.9970666666666667
0.9625434418844124,0.9970666666666667
0.9626673532440783,0.9970666666666667
0.9627912965108794,0.9970666666666667
0.9629152716971414,0.9970666666666667
0.9630392788151964,0.9970666666666667
0.9631633178773827,0.9970666666666667
0.9632873888960454,0.9970666666666667
0.9634114918835351,0.9970666666666667
0.9635356268522097,0.9970666666666667
0.963659793814433,0.9970666666666667
0.9637839927825751,0.9970666666666667
0.9639082237690126,0.9970666666666667
0.9640324867861286,0.9970666666666667
0.9641567818463125,0.9970666666666667
0.9642811089619601,0.9970666666666667
0.9644054681454733,0.9970666666666667
0.964529859409261,0.9970666666666667
0.9646542827657378,0.9970666666666667
0.9647787382273255,0.9970666666666667
0.9649032258064516,0.9970666666666667
0.9650277455155504,0.9970666666666667
0.9651522973670624,0.9970666666666667
0.9652768813734349,0.9970666666666667
0.9654014975471211,0.9970666666666667
0.9655261459005811,0.9970666666666667
0.965650826446281,0.9970666666666667
0.9657755391966938,0.9970666666666667
0.9659002841642986,0.9970666666666667
0.9660250613615812,0.9970666666666667
0.9661498708010335,0.9970666666666667
0.9662747124951544,0.9970666666666667
0.9663995864564487,0.9970666666666667
0.9665244926974279,0.9970666666666667
0.9666494312306101,0.9970666666666667
0.9667744020685197,0.9970666666666667
0.9668994052236876,0.9970666666666667
0.9670244407086512,0.9970666666666667
0.9671495085359545,0.9970666666666667
0.9672746087181477,0.9970666666666667
0.9673997412677878,0.9970666666666667
0.9675249061974383,0.9970666666666667
0.9676501035196687,0.9970666666666667
0.9677753332470558,0.9970666666666667
0.9679005953921822,0.9970666666666667
0.9680258899676375,0.9970666666666667
0.9681512169860176,0.9970666666666667
0.9682765764599249,0.9970666666666667
0.9684019684019683,0.9970666666666667
0.9685273928247636,0.9970666666666667
0.9686528497409327,0.9970666666666667
0.9687783391631041,0.9970666666666667
0.9689038611039129,0.9970666666666667
0.9690294155760011,0.9970666666666667
0.9691550025920166,0.9970666666666667
0.9692806221646144,0.9970666666666667
0.9694062743064558,0.9970666666666667
0.9695319590302087,0.9970666666666667
0.9696576763485477,0.9970666666666667
0.9697834262741538,0.9970666666666667
0.9699092088197147,0.9970666666666667
0.9700350239979245,0.9970666666666667
0.9700311364815776,0.9969333333333333
0.9701570001297521,0.9969333333333333
0.9702828964443291,0.9969333333333333
0.9704088254380272,0.9969333333333333
0.9705347871235722,0.9969333333333333
0.970660781513696,0.9969333333333333
0.9707868086211374,0.9969333333333333
0.9709128684586418,0.9969333333333333
0.971038961038961,0.9969333333333333
0.9711650863748539,0.9969333333333333
0.9712912444790854,0.9969333333333333
0.9714174353644277,0.9969333333333333
0.971543659043659,0.9969333333333333
0.9716699155295646,0.9969333333333333
0.9717962048349363,0.9969333333333333
0.9719225269725724,0.9969333333333333
0.9720488819552782,0.9969333333333333
0.9721752697958653,0.9969333333333333
0.9723016905071521,0.9969333333333333
0.9724281441019639,0.9969333333333333
0.9725546305931322,0.9969333333333333
0.9726811499934955,0.9969333333333333
0.9728077023158991,0.9969333333333333
0.9729342875731946,0.9969333333333333
0.9730609057782404,0.9969333333333333
0.9731875569439021,0.9969333333333333
0.9733142410830513,0.9969333333333333
0.9734409582085666,0.9969333333333333
0.9735677083333333,0.9969333333333333
0.9736944914702436,0.9969333333333333
0.9738213076321959,0.9969333333333333
0.9739481568320959,0.9969333333333333
0.9740750390828556,0.9969333333333333
0.9742019543973941,0.9969333333333333
0.9743289027886369,0.9969333333333333
0.9744558842695165,0.9969333333333333
0.9745828988529719,0.9969333333333333
0.9747099465519489,0.9969333333333333
0.9748370273794003,0.9969333333333333
0.9749641413482854,0.9969333333333333
0.9750912884715701,0.9969333333333333
0.9752184687622277,0.9969333333333333
0.9753456822332377,0.9969333333333333
0.9754729288975864,0.9969333333333333
0.9756002087682673,0.9969333333333333
0.97572752185828,0.9969333333333333
0.9758548681806317,0.9969333333333333
0.9759822477483358,0.9969333333333333
0.9761096605744125,0.9969333333333333
0.9762371066718892,0.9969333333333333
0.9763645860537999,0.9969333333333333
0.9764920987331853,0.9969333333333333
0.976619644723093,0.9969333333333333
0.9767472240365774,0.9969333333333333
0.9768748366866997,0.9969333333333333
0.9770024826865281,0.9969333333333333
0.9771301620491375,0.9969333333333333
0.9772578747876095,0.9969333333333333
0.9773856209150327,0.9969333333333333
0.9775134004445025,0.9969333333333333
0.9776412133891214,0.9969333333333333
0.9777690597619981,0.9969333333333333
0.977896939576249,0.9969333333333333
0.9780248528449967,0.9969333333333333
0.978152799581371,0.9969333333333333
0.9782807797985085,0.9969333333333333
0.9784087935095525,0.9969333333333333
0.9785368407276535,0.9969333333333333
0.9786649214659686,0.9969333333333333
0.978793035737662,0.9969333333333333
0.9789211835559047,0.9969333333333333
0.9790493649338745,0.9969333333333333
0.9791775798847564,0.9969333333333333
0.979305828421742,0.9969333333333333
0.9794341105580299,0.9969333333333333
0.9795624263068257,0.9969333333333333
0.9796907756813418,0.9969333333333333
0.9798191586947975,0.9969333333333333
0.9799475753604194,0.9969333333333333
0.9800760256914406,0.9969333333333333
0.9802045097011012,0.9969333333333333
0.9803330274026485,0.9969333333333333
0.9804615788093365,0.9969333333333333
0.9805901639344262,0.9969333333333333
0.9807187827911857,0.9969333333333333
0.98084743539289,0.9969333333333333
0.9809761217528208,0.9969333333333333
0.9811048418842672,0.9969333333333333
0.9812335958005249,0.9969333333333333
0.981362383514897,0.9969333333333333
0.9814912050406931,0.9969333333333333
0.9816200603912302,0.9969333333333333
0.9817489495798319,0.9969333333333333
0.9818778726198293,0.9969333333333333
0.98200682952456,0.9969333333333333
0.982135820307369,0.9969333333333333
0.9822648449816079,0.9969333333333333
0.9823939035606359,0.9969333333333333
0.9825229960578187,0.9969333333333333
0.9826521224865291,0.9969333333333333
0.9827812828601472,0.9969333333333333
0.9827790193243066,0.9968
0.982908230344465,0.9968
0.9830374753451676,0.9968
0.9831667543398211,0.9968
0.9832960673418387,0.9968
0.9834254143646409,0.9968
0.983554795421655,0.9968
0.9836842105263158,0.9968
0.9838136596920647,0.9968
0.9839431429323506,0.9968
0.9840726602606292,0.9968
0.9842022116903634,0.9968
0.9843317972350231,0.9968
0.9844614169080853,0.9968
0.9845910707230344,0.9968
0.9847207586933614,0.9968
0.9848504808325649,0.9968
0.9849802371541502,0.9968
0.9849782580050073,0.9966666666666667
0.985108065366368,0.9966666666666667
0.985237906946092,0.9966666666666667
0.9853677827577115,0.9966666666666667
0.985497692814766,0.9966666666666667
0.9856276371308017,0.9966666666666667
0.9857576157193723,0.9966666666666667
0.9858876285940386,0.9966666666666667
0.9860176757683683,0.9966666666666667
0.9861477572559367,0.9966666666666667
0.9862778730703259,0.9966666666666667
0.9864080232251253,0.9966666666666667
0.9865382077339316,0.9966666666666667
0.9866684266103485,0.9966666666666667
0.9867986798679867,0.9966666666666667
0.9869289675204648,0.9966666666666667
0.9870592895814077,0.9966666666666667
0.9871896460644479,0.9966666666666667
0.9873200369832255,0.9966666666666667
0.987450462351387,0.9966666666666667
0.9875809221825869,0.9966666666666667
0.9877114164904862,0.9966666666666667
0.9878419452887538,0.9966666666666667
0.9879725085910653,0.9966666666666667
0.9881031064111038,0.9966666666666667
0.9882337387625595,0.9966666666666667
0.98836440565913,0.9966666666666667
0.9884951071145199,0.9966666666666667
0.9886258431424415,0.9966666666666667
0.9887566137566137,0.9966666666666667
0.9888874189707634,0.9966666666666667
0.9890182587986239,0.9966666666666667
0.9891491332539367,0.9966666666666667
0.98928004235045,0.9966666666666667
0.9894109861019192,0.9966666666666667
0.9895419645221075,0.9966666666666667
0.9896729776247849,0.9966666666666667
0.9898040254237288,0.9966666666666667
0.9899351079327241,0.9966666666666667
0.9900662251655629,0.9966666666666667
0.9901973771360445,0.9966666666666667
0.9903285638579756,0.9966666666666667
0.9904597853451703,0.9966666666666667
0.9905910416114497,0.9966666666666667
0.9907223326706428,0.9966666666666667
0.9908536585365854,0.9966666666666667
0.9909850192231208,0.9966666666666667
0.9911164147440997,0.9966666666666667
0.9912478451133802,0.9966666666666667
0.9913793103448276,0.9966666666666667
0.9915108104523146,0.9966666666666667
0.9916423454497214,0.9966666666666667
0.9917739153509354,0.9966666666666667
0.9919055201698513,0.9966666666666667
0.9920371599203716,0.9966666666666667
0.9921688346164056,0.9966666666666667
0.9923005442718704,0.9966666666666667
0.9924322889006904,0.9966666666666667
0.9925640685167972,0.9966666666666667
0.9926958831341302,0.9966666666666667
0.9928277327666357,0.9966666666666667
0.9929596174282678,0.9966666666666667
0.9930915371329879,0.9966666666666667
0.9932234918947648,0.9966666666666667
0.9933554817275747,0.9966666666666667
0.9934875066454014,0.9966666666666667
0.9936195666622358,0.9966666666666667
0.9937516617920765,0.9966666666666667
0.9938837920489296,0.9966666666666667
0.9940159574468085,0.9966666666666667
0.994148157999734,0.9966666666666667
0.9942803937217345,0.9966666666666667
0.9944126646268459,0.9966666666666667
0.9945449707291112,0.9966666666666667
0.9946773120425815,0.9966666666666667
0.9948096885813149,0.9966666666666667
0.9949421003593771,0.9966666666666667
0.9950745473908413,0.9966666666666667
0.9952070296897884,0.9966666666666667
0.9953395472703063,0.9966666666666667
0.9954721001464909,0.9966666666666667
0.9956046883324454,0.9966666666666667
0.9957373118422805,0.9966666666666667
0.9958699706901146,0.9966666666666667
0.9960026648900733,0.9966666666666667
0.99613539445629,0.9966666666666667
0.9962681594029055,0.9966666666666667
0.9964009597440683,0.9966666666666667
0.9965337954939342,0.9966666666666667
0.9966666666666667,0.9966666666666667
0.9966662221629551,0.9965333333333334
0.9967991464390504,0.9965333333333334
0.9969321061758036,0.9965333333333334
0.9970651013874067,0.9965333333333334
0.9971981320880587,0.9965333333333334
0.9973311982919669,0.9965333333333334
0.9974643000133457,0.9965333333333334
0.9975974372664175,0.9965333333333334
0.9977306100654119,0.9965333333333334
0.9978638184245661,0.9965333333333334
0.9979970623581252,0.9965333333333334
0.9981303418803419,0.9965333333333334
0.9982636570054761,0.9965333333333334
0.9983970077477959,0.9965333333333334
0.9985303941215765,0.9965333333333334
0.998663816141101,0.9965333333333334
0.9986636375785113,0.9964
0.9987971130713713,0.9964
0.9989306242480952,0.9964
0.9990641711229946,0.9964
0.9991977537103891,0.9964
0.9991976464295266,0.9962666666666666
0.9993312825999733,0.9962666666666666
0.9993311931514178,0.9961333333333333
0.9994648829431438,0.9961333333333333
0.9995986085094996,0.9961333333333333
0.9995985547972702,0.996
0.9995985010706638,0.9958666666666667
0.9995984473296747,0.9957333333333334
0.9995983935742971,0.9956
0.9997322265363503,0.9956
0.9997321906802357,0.9954666666666667
0.9997321548145172,0.9953333333333333
0.999732118939191,0.9952
0.9998660415271265,0.9952
0.99986602357985,0.9950666666666667
0.9998660056277636,0.9949333333333333
1.0,0.9949333333333333
1.0,0.9948
1.0,0.9946666666666667
1.0,0.9945333333333334
1.0,0.9944
1.0,0.9942666666666666
1.0,0.9941333333333333
1.0,0.994
1.0,0.9938666666666667
1.0,0.9937333333333334
1.0,0.9936
1.0,0.9934666666666667
1.0,0.9933333333333333
1.0,0.9932
1.0,0.9930666666666667
1.0,0.9929333333333333
1.0,0.9928
1.0,0.9926666666666667
1.0,0.9925333333333334
1.0,0.9924
1.0,0.9922666666666666
1.0,0.9921333333333333
1.0,0.992
1.0,0.9918666666666667
1.0,0.9917333333333334
1.0,0.9916
1.0,0.9914666666666667
1.0,0.9913333333333333
1.0,0.9912
1.0,0.9910666666666667
1.0,0.9909333333333333
1.0,0.9908
1.0,0.9906666666666667
1.0,0.9905333333333334
1.0,0.9904
1.0,0.9902666666666666
1.0,0.9901333333333333
1.0,0.99
1.0,0.9898666666666667
1.0,0.9897333333333334
1.0,0.9896
1.0,0.9894666666666667
1.0,0.9893333333333333
1.0,0.9892
1.0,0.9890666666666666
1.0,0.9889333333333333
1.0,0.9888
1.0,0.9886666666666667
1.0,0.9885333333333334
1.0,0.9884
1.0,0.9882666666666666
1.0,0.9881333333333333
1.0,0.988
1.0,0.9878666666666667
1.0,0.9877333333333334
1.0,0.9876
1.0,0.9874666666666667
1.0,0.9873333333333333
1.0,0.9872
1.0,0.9870666666666666
1.0,0.9869333333333333
1.0,0.9868
1.0,0.9866666666666667
1.0,0.9865333333333334
1.0,0.9864
1.0,0.9862666666666666
1.0,0.9861333333333333
1.0,0.986
1.0,0.9858666666666667
1.0,0.9857333333333334
1.0,0.9856
1.0,0.9854666666666667
1.0,0.9853333333333333
1.0,0.9852
1.0,0.9850666666666666
1.0,0.9849333333333333
1.0,0.9848
1.0,0.9846666666666667
1.0,0.9845333333333334
1.0,0.9844
1.0,0.9842666666666666
1.0,0.9841333333333333
1.0,0.984
1.0,0.9838666666666667
1.0,0.9837333333333333
1.0,0.9836
1.0,0.9834666666666667
1.0,0.9833333333333333
1.0,0.9832
1.0,0.9830666666666666
1.0,0.9829333333333333
1.0,0.9828
1.0,0.9826666666666667
1.0,0.9825333333333334
1.0,0.9824
1.0,0.9822666666666666
1.0,0.9821333333333333
1.0,0.982
1.0,0.9818666666666667
1.0,0.9817333333333333
1.0,0.9816
1.0,0.9814666666666667
1.0,0.9813333333333333
1.0,0.9812
1.0,0.9810666666666666
1.0,0.9809333333333333
1.0,0.9808
1.0,0.9806666666666667
1.0,0.9805333333333334
1.0,0.9804
1.0,0.9802666666666666
1.0,0.9801333333333333
1.0,0.98
1.0,0.9798666666666667
1.0,0.9797333333333333
1.0,0.9796
1.0,0.9794666666666667
1.0,0.9793333333333333
1.0,0.9792
1.0,0.9790666666666666
1.0,0.9789333333333333
1.0,0.9788
1.0,0.9786666666666667
1.0,0.9785333333333334
1.0,0.9782666666666666
1.0,0.9781333333333333
1.0,0.978
1.0,0.9778666666666667
1.0,0.9777333333333333
1.0,0.9776
1.0,0.9774666666666667
1.0,0.9773333333333334
1.0,0.9772
1.0,0.9770666666666666
1.0,0.9769333333333333
1.0,0.9768
1.0,0.9766666666666667
1.0,0.9765333333333334
1.0,0.9764
1.0,0.9762666666666666
1.0,0.9761333333333333
1.0,0.976
1.0,0.9758666666666667
1.0,0.9757333333333333
1.0,0.9756
1.0,0.9754666666666667
1.0,0.9753333333333334
1.0,0.9752
1.0,0.9750666666666666
1.0,0.9749333333333333
1.0,0.9748
1.0,0.9746666666666667
1.0,0.9745333333333334
1.0,0.9744
1.0,0.9742666666666666
1.0,0.9741333333333333
1.0,0.974
1.0,0.9738666666666667
1.0,0.9737333333333333
1.0,0.9736
1.0,0.9734666666666667
1.0,0.9733333333333334
1.0,0.9732
1.0,0.9730666666666666
1.0,0.9728
1.0,0.9726666666666667
1.0,0.9725333333333334
1.0,0.9724
1.0,0.9722666666666666
1.0,0.9721333333333333
1.0,0.9718666666666667
1.0,0.9717333333333333
1.0,0.9716
1.0,0.9714666666666667
1.0,0.9713333333333334
1.0,0.9712
1.0,0.9710666666666666
1.0,0.9709333333333333
1.0,0.9708
1.0,0.9706666666666667
1.0,0.9705333333333334
1.0,0.9704
1.0,0.9702666666666667
1.0,0.9701333333333333
1.0,0.97
1.0,0.9698666666666667
1.0,0.9697333333333333
1.0,0.9696
1.0,0.9693333333333334
1.0,0.9692
1.0,0.9690666666666666
1.0,0.9689333333333333
1.0,0.9688
1.0,0.9686666666666667
1.0,0.9685333333333334
1.0,0.9684
1.0,0.9682666666666667
1.0,0.9681333333333333
1.0,0.968
1.0,0.9678666666666667
1.0,0.9677333333333333
1.0,0.9676
1.0,0.9674666666666667
1.0,0.9673333333333334
1.0,0.9672
1.0,0.9670666666666666
1.0,0.9669333333333333
1.0,0.9668
1.0,0.9666666666666667
1.0,0.9665333333333334
1.0,0.9664
1.0,0.9662666666666667
1.0,0.9661333333333333
1.0,0.966
1.0,0.9658666666666667
1.0,0.9657333333333333
1.0,0.9656
1.0,0.9654666666666667
1.0,0.9653333333333334
1.0,0.9652
1.0,0.9650666666666666
1.0,0.9649333333333333
1.0,0.9648
1.0,0.9646666666666667
1.0,0.9645333333333334
1.0,0.9644
1.0,0.9642666666666667
1.0,0.9641333333333333
1.0,0.964
1.0,0.9638666666666666
1.0,0.9637333333333333
1.0,0.9636
1.0,0.9634666666666667
1.0,0.9633333333333334
1.0,0.9632
1.0,0.9630666666666666
1.0,0.9629333333333333
1.0,0.9628
1.0,0.9626666666666667
1.0,0.9625333333333334
1.0,0.9624
1.0,0.9622666666666667
1.0,0.9621333333333333
1.0,0.962
1.0,0.9618666666666666
1.0,0.9617333333333333
1.0,0.9616
1.0,0.9614666666666667
1.0,0.9613333333333334
1.0,0.9612
1.0,0.9610666666666666
1.0,0.9609333333333333
1.0,0.9608
1.0,0.9606666666666667
1.0,0.9605333333333334
1.0,0.9604
1.0,0.9602666666666667
1.0,0.9601333333333333
1.0,0.96
1.0,0.9598666666666666
1.0,0.9597333333333333
1.0,0.9596
1.0,0.9594666666666667
1.0,0.9593333333333334
1.0,0.9592
1.0,0.9590666666666666
1.0,0.9589333333333333
1.0,0.9588
1.0,0.9586666666666667
1.0,0.9585333333333333
1.0,0.9584
1.0,0.9582666666666667
1.0,0.9581333333333333
1.0,0.958
1.0,0.9578666666666666
1.0,0.9577333333333333
1.0,0.9576
1.0,0.9573333333333334
1.0,0.9572
1.0,0.9569333333333333
1.0,0.9568
1.0,0.9566666666666667
1.0,0.9565333333333333
1.0,0.9564
1.0,0.9562666666666667
1.0,0.9561333333333333
1.0,0.956
1.0,0.9557333333333333
1.0,0.9556
1.0,0.9554666666666667
1.0,0.9553333333333334
1.0,0.9552
1.0,0.9550666666666666
1.0,0.9549333333333333
1.0,0.9548
1.0,0.9546666666666667
1.0,0.9542666666666667
1.0,0.9541333333333334
1.0,0.954
1.0,0.9538666666666666
1.0,0.9537333333333333
1.0,0.9534666666666667
1.0,0.9533333333333334
1.0,0.9532
1.0,0.9530666666666666
1.0,0.9529333333333333
1.0,0.9528
1.0,0.9526666666666667
1.0,0.9525333333333333
1.0,0.9524
1.0,0.9522666666666667
1.0,0.952
1.0,0.9517333333333333
1.0,0.9516
1.0,0.9514666666666667
1.0,0.9513333333333334
1.0,0.9512
1.0,0.9510666666666666
1.0,0.9508
1.0,0.9505333333333333
1.0,0.9504
1.0,0.9502666666666667
1.0,0.95
1.0,0.9498666666666666
1.0,0.9497333333333333
1.0,0.9494666666666667
1.0,0.9493333333333334
1.0,0.9490666666666666
1.0,0.9489333333333333
1.0,0.9488
1.0,0.9486666666666667
1.0,0.9485333333333333
1.0,0.9484
1.0,0.9482666666666667
1.0,0.9481333333333334
1.0,0.9478666666666666
1.0,0.9477333333333333
1.0,0.9476
1.0,0.9474666666666667
1.0,0.9473333333333334
1.0,0.9472
1.0,0.9470666666666666
1.0,0.9466666666666667
1.0,0.9465333333333333
1.0,0.9464
1.0,0.9462666666666667
1.0,0.9461333333333334
1.0,0.9458666666666666
1.0,0.9456
1.0,0.9454666666666667
1.0,0.9452
1.0,0.9450666666666667
1.0,0.9449333333333333
1.0,0.9448
1.0,0.9446666666666667
1.0,0.9444
1.0,0.9442666666666667
1.0,0.9441333333333334
1.0,0.9438666666666666
1.0,0.9434666666666667
1.0,0.9428
1.0,0.9426666666666667
1.0,0.9425333333333333
1.0,0.9424
1.0,0.9422666666666667
1.0,0.9418666666666666
1.0,0.9417333333333333
1.0,0.9416
1.0,0.9412
1.0,0.9410666666666667
1.0,0.9409333333333333
1.0,0.9408
1.0,0.9396
1.0,0.9385333333333333
1.0,0.9384
1.0,0.9382666666666667
1.0,0.9369333333333333
1.0,0.9356
1.0,0.9354666666666667
1.0,0.9342666666666667
1.0,0.9337333333333333
1.0,0.9336
1.0,0.9334666666666667
1.0,0.9321333333333334
1.0,0.932
1.0,0.9314666666666667
1.0,0.9305333333333333
1.0,0.9302666666666667
1.0,0.9298666666666666
1.0,0.9296
1.0,0.9292
1.0,0.9284
1.0,0.9265333333333333
1.0,0.9262666666666667
1.0,0.9256
1.0,0.9244
1.0,0.9192
1.0,0.9190666666666667
1.0,0.9165333333333333
1.0,0.916
1.0,0.9157333333333333
1.0,0.9156
1.0,0.9154666666666667
1.0,0.9152
1.0,0.9149333333333334
1.0,0.9117333333333333
1.0,0.9038666666666667
1.0,0.9025333333333333
1.0,0.9024
1.0,0.8616
1.0,0.8614666666666667
1.0,0.8604
1.0,0.8157333333333333
1.0,0.7981333333333334
1.0,0.7968
1.0,0.784
1.0,0.7698666666666667
1.0,0.7697333333333334
1.0,0.7696
1.0,0.7506666666666667
1.0,0.7454666666666667
1.0,0.744
1.0,0.38293333333333335
1.0,0.3828
1.0,0.3824
1.0,0.1512
1.0,0.15106666666666665
1.0,0.0
